--------------------------------------------------------
--  File created - Wednesday-July-24-2013   
--------------------------------------------------------
--------------------------------------------------------
--  DDL for Sequence SEQ_MSTAFF
--------------------------------------------------------
CREATE SEQUENCE SEQ_MSTAFF
      INCREMENT BY 1
      START WITH 20
      MAXVALUE 999999999999999999999999999
      MINVALUE 1
      NOCYCLE
      CACHE 20
      NOORDER;

--------------------------------------------------------
--  DDL for Sequence SEQ_MBLACKLISTSSID
--------------------------------------------------------

   CREATE SEQUENCE  SEQ_MBLACKLISTSSID MINVALUE 1 MAXVALUE 999999999999999999999999999 INCREMENT BY 1 START WITH 20 CACHE 20 NOORDER  NOCYCLE ;
   
 

--------------------------------------------------------
--  DDL for Table TBLSCOMMONSTATUS
--------------------------------------------------------
CREATE TABLE TBLSCOMMONSTATUS(
    COMMONSTATUSID   CHAR(5),
    ALIAS            VARCHAR2(25) NOT NULL,
    SHOWHIDE         VARCHAR2(50) NOT NULL,
    NAME             VARCHAR2(256) NOT NULL,
    DESCRIPTION      VARCHAR2(2000),
    ACTIVEINACTIVE   VARCHAR2(50) NOT NULL,
    ONOFF            VARCHAR2(50) NOT NULL,
    TRUEFALSE        VARCHAR2(50) NOT NULL,
    OPENCLOSE        VARCHAR2(50) NOT NULL,
    UPDOWN           VARCHAR2(50) NOT NULL,
    PULLPUSH         VARCHAR2(50) NOT NULL,
    INOUT            VARCHAR2(50) NOT NULL,
    PLUSMINUS        VARCHAR2(50) NOT NULL,
    STARTSTOP        VARCHAR2(50) NOT NULL,
    YESNO            VARCHAR2(50) NOT NULL,
    SYSTEMGENERATED  CHAR(1) NOT NULL,
    ENABLEDISABLE    VARCHAR2(50) NOT NULL,
    LOCKUNLOCK       VARCHAR2(50),
    SCRAPUNSCRAP     VARCHAR2(100),
    SHARERESERVE     VARCHAR2(50),
    LIMITEDUNLIMITED VARCHAR2(50),
    EDITABLE         CHAR(1),
    ONLINEOFFLINE    VARCHAR2(50),
    CONSTRAINT PK_SCOMMONSTATUS PRIMARY KEY (COMMONSTATUSID),
    CONSTRAINT UK1_SCOMMONSTATUS UNIQUE (ALIAS),
    CONSTRAINT UK2_SCOMMONSTATUS UNIQUE (NAME)
  );
--------------------------------------------------------
-- insert for TBLSCOMMONSTATUS
--------------------------------------------------------
Insert into TBLSCOMMONSTATUS values ('CST01','SHOW','Show','Show','Any Value','Active','On','True','Open','Up','Pull','In','Plus','Start','Yes','N','Enable','Lock','Scrap','Share','Limited','N','Internal');
Insert into TBLSCOMMONSTATUS values ('CST02','HIDE','Hide','Hide','Any VAlue','Inactive','Off','False','Close','Down','Push','Out','Minus','Stop','No','N','Disable','Unlock','Unscrap','Reserve','Unlimited','N','External');
Insert into TBLSCOMMONSTATUS values ('CST00','DEFAULT ','Default','Default','Default','Default','Default','Default','Default','Default','Default','Default','Default','Default','Default','Y','Default','Default','Default','Default','Default','N','Default');
Insert into TBLSCOMMONSTATUS values ('CST03','DELETED','Deleted','Deleted','Deleted','Deleted','Deleted','Deleted','Deleted','Deleted','Deleted','Deleted','Deleted','Deleted','Deleted','Y','Deleted','Deleted','Deleted','Deleted','Deleted','N','Deleted');

commit;
--------------------------------------------------------
--  DDL for Table TBLMSTAFF
--------------------------------------------------------
CREATE TABLE TBLMSTAFF(
    STAFFID  		NUMBER(20,0),
    NAME     		VARCHAR2(256) NOT NULL,
    USERNAME 		VARCHAR2(128) NOT NULL,
    CREATEDATE 		DATE NOT NULL,
    PASSWORD 		VARCHAR2(128) NOT NULL,
    BIRTHDATE 		DATE,
    LASTMODIFIEDDATE 	DATE NOT NULL,
    EMAILADDRESS 	VARCHAR2(128),
    ADDRESS1     	VARCHAR2(256),
    ADDRESS2     	VARCHAR2(256),
    ZIP          	CHAR(6),
    CITY         	CHAR(50),
    STATE        	CHAR(50),
    COUNTRY      	CHAR(50),
    PHONE        	VARCHAR2(20),
    LASTLOGINTIME 	DATE,
    MOBILE 		VARCHAR2(64),
    STATUSCHANGEDATE 	DATE,
    COMMONSTATUSID        CHAR(5) NOT NULL,
    CREATEDBYSTAFFID      NUMBER(20,0) NOT NULL,
    LASTMODIFIEDBYSTAFFID NUMBER(20,0) NOT NULL,
    SYSTEMGENERATED       CHAR(1) NOT NULL,
    CONSTRAINT PK_MSTAFF PRIMARY KEY (STAFFID),
    CONSTRAINT FK1_MSTAFF FOREIGN KEY (LASTMODIFIEDBYSTAFFID) REFERENCES TBLMSTAFF (STAFFID),
    CONSTRAINT FK2_MSTAFF FOREIGN KEY (CREATEDBYSTAFFID) REFERENCES TBLMSTAFF (STAFFID),
    CONSTRAINT FK3_MSTAFF FOREIGN KEY (COMMONSTATUSID) REFERENCES TBLSCOMMONSTATUS (COMMONSTATUSID)
);
--------------------------------------------------------
-- insert for TBLMSTAFF
--------------------------------------------------------
INSERT INTO TBLMSTAFF values ('1','admin','admin',to_timestamp('19-JULY-13 12.00.00.000000000 AM','DD-MON-YY HH.MI.SS.FF AM'),'admin',to_timestamp('19-JULY-13 12.00.00.000000000 AM','DD-MON-YY HH.MI.SS.FF AM'),to_timestamp('19-JULY-13 12.00.00.000000000 AM','DD-MON-YY HH.MI.SS.FF AM'),'admin@yahoo.com','elitecore','address2','380015','ahmedabad','gujarat','india','998854252',to_timestamp('19-JULY-13 12.00.00.000000000 AM','DD-MON-YY HH.MI.SS.FF AM'),'9016451001',to_timestamp('19-JULY-13 12.00.00.000000000 AM','DD-MON-YY HH.MI.SS.FF AM'),'CST01','1','1','N');

commit;	
--------------------------------------------------------
--  DDL for Table TBLMBLACKLISTSSID
--------------------------------------------------------

  CREATE TABLE TBLMBLACKLISTSSID 
   (	BLACKLISTID NUMERIC(20), 
	PATTERNNAME VARCHAR(4000)		NOT NULL, 
	PATTERN VARCHAR(255) 		NOT NULL, 
	ISREGEXP CHAR(1),
	CREATEDATE TIMESTAMP			NOT NULL, 
	CREATEDBYSTAFFID NUMERIC(20)	NOT NULL, 
	LASTMODIFIEDDATE TIMESTAMP		NOT NULL, 
	LASTMODIFIEDBYSTAFFID NUMERIC(20)NOT NULL,
	CONSTRAINT PK_MBLACKLISTSSID  PRIMARY KEY (BLACKLISTID),
	CONSTRAINT FK1_MBLACKLISTSSID  FOREIGN KEY (CREATEDBYSTAFFID)  REFERENCES TBLMSTAFF (STAFFID),
	CONSTRAINT FK2_MBLACKLISTSSID  FOREIGN KEY (LASTMODIFIEDBYSTAFFID) REFERENCES TBLMSTAFF (STAFFID)
   );
--------------------------------------------------------
--  DDL for Sequence SEQ_MAUTHMETHOD
--------------------------------------------------------
CREATE SEQUENCE SEQ_MAUTHMETHOD
      INCREMENT BY 1
      START WITH 20
      MAXVALUE 999999999999999999999999999
      MINVALUE 1
      NOCYCLE
      CACHE 20
      NOORDER;
--------------------------------------------------------
--  DDL for Table TBLSPHASE2AUTHMETHOD
--------------------------------------------------------
    
      CREATE TABLE TBLSPHASE2AUTHMETHOD
	 (  PHASE2AUTHMETHODID NUMERIC(20),
	   PHASE2AUTHMETHODNAME VARCHAR(50) NOT NULL,
	   CONSTRAINT PK_SPHASE2AUTHMETHOD PRIMARY KEY(PHASE2AUTHMETHODID),
	   CONSTRAINT UK_SPHASE2AUTHMETHOD UNIQUE(PHASE2AUTHMETHODNAME)
	 );
--------------------------------------------------------
-- insert for TBLSPHASE2AUTHMETHOD
--------------------------------------------------------
	INSERT INTO TBLSPHASE2AUTHMETHOD VALUES(1,'--SELECT--');
	INSERT INTO TBLSPHASE2AUTHMETHOD VALUES(2,'EAP-MD5');
	INSERT INTO TBLSPHASE2AUTHMETHOD VALUES(3,'EAP-GTC');
	INSERT INTO TBLSPHASE2AUTHMETHOD VALUES(4,'EAP-MsCHAPv2');
	
commit;	
--------------------------------------------------------
--  DDL for Table TBLMAUTHMETHOD
--------------------------------------------------------
	CREATE TABLE TBLMAUTHMETHOD
	(  AUTHMETHODID NUMERIC(20),
	   AUTHMETHODNAME VARCHAR(50) NOT NULL,
	   PHASE2AUTHMETHODID NUMERIC(20) DEFAULT NULL,
	   DESCRIPTION VARCHAR(255)	NOT NULL, 
	   CREATEDATE TIMESTAMP			NOT NULL, 
	   CREATEDBYSTAFFID NUMERIC(20)	NOT NULL, 
	   LASTMODIFIEDDATE TIMESTAMP		NOT NULL, 
	   LASTMODIFIEDBYSTAFFID NUMERIC(20)NOT NULL,
	   CONSTRAINT PK_MAUTHMETHOD PRIMARY KEY(AUTHMETHODID),
	   CONSTRAINT UK_MAUTHMETHOD UNIQUE(AUTHMETHODNAME),
	   CONSTRAINT FK1_MAUTHMETHOD  FOREIGN KEY (PHASE2AUTHMETHODID) REFERENCES TBLSPHASE2AUTHMETHOD (PHASE2AUTHMETHODID),
	   CONSTRAINT FK2_MAUTHMETHOD  FOREIGN KEY (CREATEDBYSTAFFID)  REFERENCES TBLMSTAFF (STAFFID),
	   CONSTRAINT FK3_MAUTHMETHOD  FOREIGN KEY (LASTMODIFIEDBYSTAFFID) REFERENCES TBLMSTAFF (STAFFID)
	);
	
--------------------------------------------------------
--  DDL for Sequence SEQ_MPROFILE
--------------------------------------------------------
CREATE SEQUENCE SEQ_MPROFILE
      INCREMENT BY 1
      START WITH 20
      MAXVALUE 999999999999999999999999999
      MINVALUE 1
      NOCYCLE
      CACHE 20
      NOORDER;
--------------------------------------------------------
--  DDL for Table TBLMPROFILE
--------------------------------------------------------
	CREATE TABLE TBLMPROFILE
	(  PROFILEID NUMERIC(20),
	   PROFILENAME VARCHAR(128),
	   ISDEFAULT VARCHAR(1),
	   CREATEDATE TIMESTAMP			NOT NULL, 
	   CREATEDBYSTAFFID NUMERIC(20)	NOT NULL, 
	   LASTMODIFIEDDATE TIMESTAMP		NOT NULL, 
	   LASTMODIFIEDBYSTAFFID NUMERIC(20)NOT NULL,
	   CONSTRAINT PK_MPROFILE PRIMARY KEY(PROFILEID),
	   CONSTRAINT UK_MPROFILE UNIQUE (PROFILENAME),
	   CONSTRAINT FK1_MPROFILE  FOREIGN KEY (CREATEDBYSTAFFID)  REFERENCES TBLMSTAFF (STAFFID),
	   CONSTRAINT FK2_MPROFILE  FOREIGN KEY (LASTMODIFIEDBYSTAFFID) REFERENCES TBLMSTAFF (STAFFID)
	 );
--------------------------------------------------------
--  DDL for Sequence SEQ_MCONNECTION
--------------------------------------------------------
CREATE SEQUENCE SEQ_MCONNECTION
      INCREMENT BY 1
      START WITH 20
      MAXVALUE 999999999999999999999999999
      MINVALUE 1
      NOCYCLE
      CACHE 20
      NOORDER;
--------------------------------------------------------
--  DDL for Table TBLMCONNECTION
--------------------------------------------------------
CREATE TABLE TBLMCONNECTION
	(  CONNECTIONID NUMERIC(20),
	   SSID VARCHAR(50),
	   SECURITY VARCHAR2(50),
	   AUTHMETHODID NUMERIC(20),
	   USERNAME VARCHAR2(50) NULL,
	   PASSWORD VARCHAR2(50) NULL,
	   ISDEFAULT VARCHAR(1),
	   MESSAGE VARCHAR2(500),
	   CREATEDATE TIMESTAMP			NOT NULL, 
	   CREATEDBYSTAFFID NUMERIC(20)	NOT NULL, 
	   LASTMODIFIEDDATE TIMESTAMP		NOT NULL, 
	   LASTMODIFIEDBYSTAFFID NUMERIC(20)NOT NULL,
	   CONSTRAINT PK_MCONNECTION PRIMARY KEY(CONNECTIONID),
	   CONSTRAINT FK1_MCONNECTION  FOREIGN KEY (AUTHMETHODID)  REFERENCES TBLMAUTHMETHOD (AUTHMETHODID),
	   CONSTRAINT FK3_MCONNECTION  FOREIGN KEY (CREATEDBYSTAFFID)  REFERENCES TBLMSTAFF (STAFFID),
	   CONSTRAINT FK4_MCONNECTION  FOREIGN KEY (LASTMODIFIEDBYSTAFFID) REFERENCES TBLMSTAFF (STAFFID)
	 );
--------------------------------------------------------
--  DDL for Sequence SEQ_MPROFILECONNECTIONREL
--------------------------------------------------------
CREATE SEQUENCE SEQ_MPROFILECONNECTIONREL
      INCREMENT BY 1
      START WITH 20
      MAXVALUE 999999999999999999999999999
      MINVALUE 1
      NOCYCLE
      CACHE 20
      NOORDER;
--------------------------------------------------------
--  DDL for Table TBLMPROFILECONNECTIONREL
--------------------------------------------------------
CREATE TABLE TBLMPROFILECONNECTIONREL
	(  PROFILEID NUMERIC(20),
	   CONNECTIONID NUMERIC(20), 
	   CONSTRAINT PK_MPROFILECONNECTIONREL PRIMARY KEY(PROFILEID,CONNECTIONID),
	   CONSTRAINT FK1_MPROFILECONNECTIONREL  FOREIGN KEY (PROFILEID)  REFERENCES TBLMPROFILE (PROFILEID) ON DELETE CASCADE,
	   CONSTRAINT FK2_MPROFILECONNECTIONREL  FOREIGN KEY (CONNECTIONID)  REFERENCES TBLMCONNECTION (CONNECTIONID) ON DELETE CASCADE
	);

	
--------------------------------------------------------
--  DDL for Sequence SEQ_MADVERTISEMENT
--------------------------------------------------------
CREATE SEQUENCE SEQ_MADVERTISEMENT
      INCREMENT BY 1
      START WITH 20
      MAXVALUE 999999999999999999999999999
      MINVALUE 1
      NOCYCLE
      CACHE 20
      NOORDER;
--------------------------------------------------------
--  DDL for Table TBLMADVERTISEMENT
--------------------------------------------------------
CREATE TABLE TBLMADVERTISEMENT	
	(	ADVERTISEMENTID NUMERIC(20),
		ADVERTISEMENTNAME VARCHAR(128) NOT NULL,
		ADVERTISEMENTTYPE VARCHAR(50) NOT NULL,
		UPLOADTYPE VARCHAR(20) NOT NULL,
		ADVERTISEMENTIMAGE BLOB,
		ADVERTISEMENTURL VARCHAR(100),
		IMAGENAME VARCHAR(1000),
		CREATEDATE TIMESTAMP NOT NULL, 
		CREATEDBYSTAFFID NUMERIC(20) NOT NULL, 
		LASTMODIFIEDDATE TIMESTAMP NOT NULL, 
		LASTMODIFIEDBYSTAFFID NUMERIC(20) NOT NULL,
		CONSTRAINT PK_MADVERTISEMENT PRIMARY KEY(ADVERTISEMENTID),
	    CONSTRAINT FK1_MADVERTISEMENT  FOREIGN KEY (CREATEDBYSTAFFID)  REFERENCES TBLMSTAFF (STAFFID),
	    CONSTRAINT FK2_MADVERTISEMENT  FOREIGN KEY (LASTMODIFIEDBYSTAFFID) REFERENCES TBLMSTAFF (STAFFID)
	);
	

--------------------------------------------------------
--  DDL for Sequence SEQ_MLOCATION
--------------------------------------------------------
CREATE SEQUENCE SEQ_MLOCATION
      INCREMENT BY 1
      START WITH 20
      MAXVALUE 999999999999999999999999999
      MINVALUE 1
      NOCYCLE
      CACHE 20
      NOORDER;
---------------------------------------------------------
--  DDL for Table TBLMLOCATION
--------------------------------------------------------
CREATE TABLE TBLMLOCATION(
	LOCATIONID NUMBER(20,0),
	LOCATIONNAME VARCHAR(128) NOT NULL,
	LONGITUDE NUMBER(20,10) NOT NULL,
	LATITUDE NUMBER(20,10) NOT NULL,
	RADIUS NUMBER(20),
	ZONEID NUMBER(20),
	LOCATIONDESCRIPTION VARCHAR2(2000),
	CATEGORY VARCHAR2(50),
	LOCATIONIDENTIFIER VARCHAR(255),
	CREATEDATE TIMESTAMP NOT NULL, 
    LASTMODIFIEDDATE TIMESTAMP NOT NULL, 
	CONSTRAINT PK_MLOCATION PRIMARY KEY(LOCATIONID)
	);

--------------------------------------------------------
--  DDL for Sequence SEQ_MLOCATIONADVERTISEMENTREL
--------------------------------------------------------
CREATE SEQUENCE SEQ_MLOCATIONADVERTISEMENTREL
      INCREMENT BY 1
      START WITH 20
      MAXVALUE 999999999999999999999999999
      MINVALUE 1
      NOCYCLE
      CACHE 20
      NOORDER;
      
--------------------------------------------------------
--  DDL for Table TBLMLOCATIONADVERTISEMENTREL
--------------------------------------------------------	
CREATE TABLE TBLMLOCATIONADVERTISEMENTREL(
	LOCATIONID NUMBER(20),
	ADVERTISEMENTID NUMBER(20),
	CONSTRAINT PK_MLOCATIONADVERTISEMENTREL PRIMARY KEY(LOCATIONID,ADVERTISEMENTID),
	CONSTRAINT FK1_MLOCATIONADVERTISEMENTREL FOREIGN KEY(LOCATIONID) REFERENCES TBLMLOCATION(LOCATIONID) ON DELETE CASCADE,
	CONSTRAINT FK2_MLOCATIONADVERTISEMENTREL FOREIGN KEY(ADVERTISEMENTID) REFERENCES TBLMADVERTISEMENT(ADVERTISEMENTID) ON DELETE CASCADE
	);
--------------------------------------------------------
--  DDL for Sequence SEQ_MDEVICEREGISTRATION
--------------------------------------------------------
CREATE SEQUENCE SEQ_MDEVICEREGISTRATION
      INCREMENT BY 1
      START WITH 20
      MAXVALUE 999999999999999999999999999
      MINVALUE 1
      NOCYCLE
      CACHE 20
      NOORDER;
--------------------------------------------------------
--  DDL for Table TBLMDEVICEREGISTRATION
--------------------------------------------------------	
CREATE TABLE TBLMDEVICEREGISTRATION(
	DEVICEID NUMBER(20,0),
	REGISTRATIONID VARCHAR(500) NOT NULL,
	MACADDRESS VARCHAR2(25) NOT NULL,
	CONSTRAINT UK1_MDEVICEREGISTRATION UNIQUE(REGISTRATIONID),
	CONSTRAINT UK2_MDEVICEREGISTRATION UNIQUE(MACADDRESS)
	);

--------------------------------------------------------
--  DDL for Sequence SEQ_MLOCATIONDETAILS
--------------------------------------------------------
CREATE SEQUENCE SEQ_M3GDETAILS
		INCREMENT BY 1
		START WITH 20
		MAXVALUE 999999999999999999999999999
		MINVALUE 1
		NOCYCLE
		CACHE 20
		NOORDER;
--------------------------------------------------------
--  DDL for Table TBLMLOCATIONDETAILS
--------------------------------------------------------	
CREATE TABLE TBLM3GDETAILS(
	LOCATIONID NUMBER(20) NOT NULL,
	TGDETAILSID NUMBER(20,0),
	MCC NUMBER(20,0) NOT NULL,
	MNC NUMBER(20,0) NOT NULL,
	LAC VARCHAR2(50) NOT NULL,
	CELLID VARCHAR2(1000),
	CONSTRAINT PK_M3GDETAILS PRIMARY KEY(TGDETAILSID),
	CONSTRAINT FK3_M3GDETAILS  FOREIGN KEY (LOCATIONID)  REFERENCES TBLMLOCATION (LOCATIONID) ON DELETE CASCADE
	);
      
	
--------------------------------------------------------
--  DDL for Sequence SEQ_MWIFIDETAILS
--------------------------------------------------------

CREATE SEQUENCE SEQ_MWIFIDETAILS
		INCREMENT BY 1
		START WITH 20
		MAXVALUE 999999999999999999999999999
		MINVALUE 1
		NOCYCLE
		CACHE 20
		NOORDER;
--------------------------------------------------------
--  DDL for Table TBLMWIFIDETAILS
--------------------------------------------------------	

CREATE TABLE TBLMWIFIDETAILS(
	LOCATIONID NUMBER(20) NOT NULL,
	WIFIDETAILSID NUMBER(20,0),
	VLANIP VARCHAR2(50) NOT NULL,
	WLANIP VARCHAR2(50) NOT NULL,
	IPRANGE VARCHAR2(50) NOT NULL,
	HOSTADDRESS VARCHAR2(50) NOT NULL,
	CONSTRAINT PK_MWIFIDETAILS PRIMARY KEY(WIFIDETAILSID),
	CONSTRAINT FK3_MWIFIDETAILS  FOREIGN KEY (LOCATIONID)  REFERENCES TBLMLOCATION (LOCATIONID) ON DELETE CASCADE
	);
--------------------------------------------------------
--  DDL for Sequence SEQ_MGPSDETAILS
--------------------------------------------------------

	CREATE SEQUENCE SEQ_MGPSDETAILS
		INCREMENT BY 1
		START WITH 20
		MAXVALUE 999999999999999999999999999
		MINVALUE 1
		NOCYCLE
		CACHE 20
		NOORDER;

--------------------------------------------------------
--  DDL for Table TBLMGPSDETAILS
--------------------------------------------------------	
	
CREATE TABLE TBLMGPSDETAILS(
	LOCATIONID NUMBER(20) NOT NULL,
	GPSDETAILSID NUMBER(20,0),
	LONGITUDE NUMBER(20) NOT NULL,
	LATITUDE NUMBER(20) NOT NULL,
	CONSTRAINT PK_MGPSDETAILS PRIMARY KEY(GPSDETAILSID),
	CONSTRAINT FK3_MGPSDETAILS  FOREIGN KEY (LOCATIONID)  REFERENCES TBLMLOCATION (LOCATIONID) ON DELETE CASCADE
	);

--------------------------------------------------------
--  DDL for Sequence SEQ_MCOMMUNICATIONPOLICY
--------------------------------------------------------
	
	CREATE SEQUENCE SEQ_MCOMMUNICATIONPOLICY
		INCREMENT BY 1
		START WITH 20
		MAXVALUE 999999999999999999999999999
		MINVALUE 1
		NOCYCLE
		CACHE 20
		NOORDER;
--------------------------------------------------------
--  DDL for Table TBLMCOMMUNICATIONPOLICY
--------------------------------------------------------	
		
	CREATE TABLE TBLMCOMMUNICATIONPOLICY(
	COMMPOLICYID NUMBER(20,0),
	COMMPOLICYNAME VARCHAR2(255) NOT NULL,
	COMMUNICATIONTYPEID NUMBER(20,0) NOT NULL,
	MESSAGE VARCHAR2(4000) NOT NULL,
	FREQFOR VARCHAR2(20),
	NOOFDAYS NUMBER(3),
	NOOFNOTIFICATION NUMBER(4),
	RULESET VARCHAR2(2000),
	CREATEDATE TIMESTAMP NOT NULL, 
	CREATEDBYSTAFFID NUMERIC(20) NOT NULL, 
	LASTMODIFIEDDATE TIMESTAMP NOT NULL, 
	LASTMODIFIEDBYSTAFFID NUMERIC(20) NOT NULL,
	CONSTRAINT PK_MCOMMUNICATIONPOLICY PRIMARY KEY(COMMPOLICYID),
	CONSTRAINT FK2_MCOMMUNICATIONPOLICY  FOREIGN KEY (CREATEDBYSTAFFID)  REFERENCES TBLMSTAFF (STAFFID),
	CONSTRAINT FK3_MCOMMUNICATIONPOLICY  FOREIGN KEY (LASTMODIFIEDBYSTAFFID) REFERENCES TBLMSTAFF (STAFFID)
	);
--------------------------------------------------------
--  DDL for Sequence SEQ_MCOMMPOLICYLOCATIONREL
--------------------------------------------------------
CREATE SEQUENCE SEQ_MCOMMPOLICYLOCATIONREL
      INCREMENT BY 1
      START WITH 20
      MAXVALUE 999999999999999999999999999
      MINVALUE 1
      NOCYCLE
      CACHE 20
      NOORDER;
--------------------------------------------------------
--  DDL for Table TBLMCOMMPOLICYLOCATIONREL
--------------------------------------------------------	
CREATE TABLE TBLMCOMMPOLICYLOCATIONREL(
	COMMPOLICYID NUMBER(20),
	LOCATIONID NUMBER(20),
	ORDERID NUMBER(20),	
	CONSTRAINT PK_MCOMMPOLICYLOCATIONREL PRIMARY KEY(COMMPOLICYID,LOCATIONID),
	CONSTRAINT FK1_MCOMMPOLICYLOCATIONREL FOREIGN KEY(COMMPOLICYID) REFERENCES TBLMCOMMUNICATIONPOLICY(COMMPOLICYID) ON DELETE CASCADE,
	CONSTRAINT FK2_MCOMMPOLICYLOCATIONREL FOREIGN KEY(LOCATIONID) REFERENCES TBLMLOCATION(LOCATIONID) ON DELETE CASCADE
);	
	
--------------------------------------------------------
--  DDL for Table TBLMSUBSCRIBERPROFILE
--------------------------------------------------------	

CREATE TABLE TBLMSUBSCRIBERPROFILE(
	IMSI VARCHAR(25),
	IMEI VARCHAR(40),
	FIRSTNAME VARCHAR(128),
	LASTNAME VARCHAR(128),
	USERNAME VARCHAR(128),
	AGE NUMBER(3),
	AGERANGE VARCHAR2(1024),
	LANGUAGE VARCHAR2(1024),
	LOCATION VARCHAR2(1024),
	BIRTHDATE TIMESTAMP,
	SPORT VARCHAR2(1024),
	EDUCATION VARCHAR2(1024),
	GENDER VARCHAR(30),
	RELATIONSHIPSTATUS VARCHAR(30),
	REGISTERWITH VARCHAR(20),
	MANUFACTURER VARCHAR(30),
	MODEL VARCHAR(30),
	SIMOPERATOR VARCHAR(30),
	BRAND VARCHAR(30),
	NETWORKOPERATOR VARCHAR(30),
	OPERATINGSYSTEM VARCHAR(30),
	REGISTRATIONDATE TIMESTAMP,
	LASTUSEDTIME TIMESTAMP,
	UNINSTALLDATE TIMESTAMP,
	REGISTEREDDEVICEID VARCHAR(500),
	STATUS VARCHAR(30),
	LOCALE VARCHAR(30),
	CITY VARCHAR(50),
 	STATE VARCHAR(50),
 	COUNTRY VARCHAR(50),
 	GEOADDRESS VARCHAR2(2000),
	POSTALCODE NUMBER(20),
	MSISDN VARCHAR(15),
	OSVERSION VARCHAR(50),
	SCREENHEIGHT NUMBER(4),
	SCREENWIDTH NUMBER(4),
	SCREENDENSITY NUMBER(3),
	COUNTRYCODE VARCHAR(32),
	MCC NUMBER(8),
	MNC NUMBER(8),
	LAC NUMBER(32),
	CELLID VARCHAR(512),
	APPVERSION VARCHAR(64),
	APPLANGUAGE VARCHAR2(128),
	ISNOTIFICATIONON	NUMBER(1) default 1,
	CONSTRAINT PK_MSUBSCRIBERPROFILE PRIMARY KEY(IMSI,IMEI)
);

--------------------------------------------------------
--  DDL for Sequence SEQ_MNOTIFICATION
--------------------------------------------------------
CREATE SEQUENCE SEQ_MNOTIFICATION
		INCREMENT BY 1
		START WITH 20
		MAXVALUE 999999999999999999999999999
		MINVALUE 1
		NOCYCLE
		CACHE 20
		NOORDER;
		
--------------------------------------------------------
--  DDL for Table TBLMNOTIFICATION
--------------------------------------------------------	
	
CREATE TABLE TBLMNOTIFICATION (
	NOTIFICATIONID NUMBER(20,0),
	IMSI VARCHAR(25),
	IMEI VARCHAR(40),
	COMMMESSAGE VARCHAR(4000),
	LOCATIONID NUMBER(20,0),
	SENDDATE TIMESTAMP(6),
	SENDSTATUS VARCHAR(100),
	MESSAGEID VARCHAR(200),
	COMMPOLICYID NUMBER(20,0),
	OPERATINGSYSTEM VARCHAR(30),
	LOCATIONNAME VARCHAR(60), 
	DEVICEID  VARCHAR(500), 
	CONSTRAINT PK_MNOTIFICATION PRIMARY KEY(NOTIFICATIONID)
	);
--------------------------------------------------------
--  DDL for Sequence SEQ_ACCESSPOINT
--------------------------------------------------------
CREATE SEQUENCE SEQ_MACCESSPOINT
		START WITH 20
		INCREMENT BY 1
		MAXVALUE 999999999999999999999999999
		MINVALUE 1
		NOCYCLE
		CACHE 20
		NOORDER;
--------------------------------------------------------
--  DDL for Table TBLMACCESSPOINT
--------------------------------------------------------	
CREATE TABLE TBLMACCESSPOINT(
	ACCESSPOINTID NUMBER(20),
	LOCATIONID NUMBER(20),
	ACCESSPOINTNAME VARCHAR2(256),
	MACADDRESS VARCHAR2(256),
	CONSTRAINT PK_MACCESSPOINT PRIMARY KEY(ACCESSPOINTID),
	CONSTRAINT FK1_MACCESSPOINT  FOREIGN KEY (LOCATIONID)  REFERENCES TBLMLOCATION (LOCATIONID) ON DELETE CASCADE
);

--ACL TABLE	
--------------------------------------------------------
--  DDL for Sequence SEQ_MGROUP
--------------------------------------------------------
CREATE SEQUENCE SEQ_MGROUP
		INCREMENT BY 1
		START WITH 20
		MAXVALUE 999999999999999999999999999
		MINVALUE 1
		NOCYCLE
		CACHE 20
		NOORDER;
--------------------------------------------------------
--  DDL for TBLMGROUP
--------------------------------------------------------
		
CREATE TABLE TBLMGROUP(
    GROUPID         Numeric(20,0),
    NAME            VARCHAR2(255) NOT NULL,
    GROUPMAILID     VARCHAR2(255),
    DESCRIPTION     VARCHAR(255),
    PERMISSIONS     VARCHAR(255),
    SYSTEMGENERATED CHAR(1),
    STATUSCHANGEDATE DATE,
    COMMONSTATUSID CHAR(5),
    CREATEDATE DATE  DEFAULT CURRENT_TIMESTAMP NOT NULL ,
    CREATEDBYSTAFFID Numeric(20,0) NOT NULL,
    LASTMODIFIEDDATE DATE DEFAULT CURRENT_TIMESTAMP NOT NULL ,
    LASTMODIFIEDBYSTAFFID Numeric(20,0) NOT NULL,
    CONSTRAINT PK_MGROUP PRIMARY KEY (GROUPID),
    CONSTRAINT FK1_MGROUP FOREIGN KEY (COMMONSTATUSID) REFERENCES TBLSCOMMONSTATUS (COMMONSTATUSID),
    CONSTRAINT FK2_MGROUP FOREIGN KEY (CREATEDBYSTAFFID) REFERENCES TBLMSTAFF (STAFFID),
    CONSTRAINT FK3_MGROUP FOREIGN KEY (LASTMODIFIEDBYSTAFFID) REFERENCES TBLMSTAFF (STAFFID)
);
---------------------------------------------------
--   DATA FOR TABLE TBLMGROUP
---------------------------------------------------

Insert into TBLMGROUP (GROUPID,NAME,GROUPMAILID,DESCRIPTION,SYSTEMGENERATED,STATUSCHANGEDATE,COMMONSTATUSID,CREATEDATE,CREATEDBYSTAFFID,LASTMODIFIEDDATE,LASTMODIFIEDBYSTAFFID) 
values (1,'Admin-Access-Group',null,'desc:Admin Access Group','Y',null,null,to_timestamp((select sysdate from dual),'DD-MON-RR'),'1',to_timestamp((select sysdate from dual),'DD-MON-RR'),'1');
Insert into TBLMGROUP (GROUPID,NAME,GROUPMAILID,DESCRIPTION,SYSTEMGENERATED,STATUSCHANGEDATE,COMMONSTATUSID,CREATEDATE,CREATEDBYSTAFFID,LASTMODIFIEDDATE,LASTMODIFIEDBYSTAFFID) 
values (2,'Support-User-Access-Group',null,'desc:Support User Access Group','Y',null,null,to_timestamp((select sysdate from dual),'DD-MON-RR'),'1',to_timestamp((select sysdate from dual),'DD-MON-RR'),'1');
Insert into TBLMGROUP (GROUPID,NAME,GROUPMAILID,DESCRIPTION,SYSTEMGENERATED,STATUSCHANGEDATE,COMMONSTATUSID,CREATEDATE,CREATEDBYSTAFFID,LASTMODIFIEDDATE,LASTMODIFIEDBYSTAFFID) 
values (3,'Operator-Access-Group',null,'desc:Operator Access Group','Y',null,null,to_timestamp((select sysdate from dual),'DD-MON-RR'),'1',to_timestamp((select sysdate from dual),'DD-MON-RR'),'1');
commit;

--------------------------------------------------------
--  DDL for Sequence SEQ_MSTAFFGROUPREL
--------------------------------------------------------
CREATE SEQUENCE SEQ_MSTAFFGROUPREL
		INCREMENT BY 1
		START WITH 20
		MAXVALUE 999999999999999999999999999
		MINVALUE 1
		NOCYCLE
		CACHE 20
		NOORDER;
--------------------------------------------------------
--  DDL for TBLMSTAFFGROUPREL
--------------------------------------------------------

CREATE TABLE TBLMSTAFFGROUPREL(
    STAFFID Numeric(20,0),
    GROUPID Numeric(20,0),
    CONSTRAINT PK_MSTAFFGROUPREL PRIMARY KEY (STAFFID, GROUPID),
    CONSTRAINT FK1_MSTAFFGROUPREL FOREIGN KEY (STAFFID) REFERENCES TBLMSTAFF (STAFFID),
    CONSTRAINT FK2_MSTAFFGROUPREL FOREIGN KEY (GROUPID) REFERENCES TBLMGROUP (GROUPID)
);


--------------------------------------------------------
--  DDL for Sequence SEQ_MMODEL
--------------------------------------------------------
CREATE SEQUENCE SEQ_MMODEL
		INCREMENT BY 1
		START WITH 20
		MAXVALUE 999999999999999999999999999
		MINVALUE 1
		NOCYCLE
		CACHE 20
		NOORDER;
--------------------------------------------------------
--  DDL for TBLMMODEL
--------------------------------------------------------
CREATE TABLE TBLMMODEL(
    MODELID         CHAR(8),
    NAME            VARCHAR(50) NOT NULL,
    ALIAS           VARCHAR(50) NOT NULL,
    SYSTEMGENERATED CHAR(1) DEFAULT 'N' NOT NULL,
    PARENTID  		CHAR(8),
    CONSTRAINT PK_MMODEL PRIMARY KEY (MODELID),
    CONSTRAINT UK1_MMODEL UNIQUE (NAME),
    CONSTRAINT UK2_MMODEL UNIQUE (ALIAS),
    CONSTRAINT FK1_MMODEL FOREIGN KEY (PARENTID) REFERENCES TBLMMODEL
);

-- START INSERT INTO TBLMMODEL 
-- CONFIGURATION module
	INSERT INTO TBLMMODEL (MODELID, NAME, ALIAS, PARENTID)
		VALUES ('MDL10000', 'CONFIGURATION', 'CONFIGURATION', NULL);
INSERT INTO TBLMMODEL (MODELID, NAME, ALIAS, PARENTID)
	VALUES ('MDL11000', 'SUBSCRIBERPROFILE', 'SUBSCRIBER PROFILE', 'MDL10000');
INSERT INTO TBLMMODEL (MODELID, NAME, ALIAS, PARENTID)
	VALUES ('MDL12000', 'HOTSPOT_LOCATION', 'HOTSPOT LOCATION', 'MDL10000');
INSERT INTO TBLMMODEL (MODELID, NAME, ALIAS, PARENTID)
	VALUES ('MDL13000', 'ALLHOTSPOT_LOCATION', 'ALL HOTSPOT LOCATION', 'MDL10000');
INSERT INTO TBLMMODEL (MODELID, NAME, ALIAS, PARENTID)
	VALUES ('MDL14000', 'COMMUNICATIONPOLOCY', 'COMMUNICATION POLOCY', 'MDL10000');
INSERT INTO TBLMMODEL (MODELID, NAME, ALIAS, PARENTID)
	VALUES ('MDL15000', 'OTPPROFILE', 'OTP PROFILE', 'MDL10000');
INSERT INTO TBLMMODEL (MODELID, NAME, ALIAS, PARENTID)
	VALUES ('MDL16000', 'ALERT_CONFIGURATION', 'SNMP ALERT CONFIGURATION', 'MDL10000');
INSERT INTO TBLMMODEL (MODELID, NAME, ALIAS, PARENTID)
	VALUES ('MDL17000', 'DYNAMICADVERTISEMENT_CONFIGURATION', 'DYNAMICADVERTISEMENT CONFIGURATION', 'MDL10000');
INSERT INTO TBLMMODEL (MODELID, NAME, ALIAS, PARENTID)
	VALUES ('MDL18000', 'BROADCASTPOLOCY', 'BROADCASTPOLOCY', 'MDL10000');	

--WIFI_MANAGEMENT	
INSERT INTO TBLMMODEL (MODELID, NAME, ALIAS, PARENTID)
	VALUES ('MDL20000', 'WIFI_MANAGEMENT', 'WIFI MANAGEMENT', NULL);
INSERT INTO TBLMMODEL (MODELID, NAME, ALIAS, PARENTID)
	VALUES ('MDL21000', 'BLACK_LIST', 'BLACK LIST','MDL20000');
INSERT INTO TBLMMODEL (MODELID, NAME, ALIAS, PARENTID)
	VALUES ('MDL22000', 'WIFI_CONNECTION', 'WIFI_CONNECTION', 'MDL20000');
INSERT INTO TBLMMODEL (MODELID, NAME, ALIAS, PARENTID)
	VALUES ('MDL23000', 'PROFILE', 'PROFILE', 'MDL20000');
INSERT INTO TBLMMODEL (MODELID, NAME, ALIAS, PARENTID)
	VALUES ('MDL24000', 'AUTHMETHOD', 'AUTH METHOD', 'MDL20000');
INSERT INTO TBLMMODEL (MODELID, NAME, ALIAS, PARENTID)
	VALUES ('MDL25000', 'IOS_PROFILE', 'IOS Profile', 'MDL20000');	
 	
--PUSH_NOTIFICATION	
INSERT INTO TBLMMODEL (MODELID, NAME, ALIAS, PARENTID)
	VALUES ('MDL30000', 'PUSH_NOTIFICATION', 'PUSH NOTIFICATION', null);
INSERT INTO TBLMMODEL (MODELID, NAME, ALIAS, PARENTID)
	VALUES ('MDL31000', 'SEND', 'SEND', 'MDL30000');
INSERT INTO TBLMMODEL (MODELID, NAME, ALIAS, PARENTID)
	VALUES ('MDL32000', 'SMS_TEMPLATE', 'SMS_TEMPLATE', 'MDL30000');

--STAFF	
INSERT INTO TBLMMODEL (MODELID, NAME, ALIAS, PARENTID)
	VALUES ('MDL40000', 'STAFF', 'STAFF', null);
INSERT INTO TBLMMODEL (MODELID, NAME, ALIAS, PARENTID)
	VALUES ('MDL41000', 'STAFF_SUB', 'STAFF_SUB', 'MDL40000');
INSERT INTO TBLMMODEL (MODELID, NAME, ALIAS, PARENTID)
	VALUES ('MDL42000', 'ACCESS_GROUP', 'ACCESS GROUP', 'MDL40000');

--Server	
INSERT INTO TBLMMODEL (MODELID, NAME, ALIAS, PARENTID)
	VALUES ('MDL50000', 'SERVER', 'SERVER', NULL);
INSERT INTO TBLMMODEL (MODELID, NAME, ALIAS, PARENTID)
	VALUES ('MDL51000', 'LICENSE', 'LICENSE', 'MDL50000');
INSERT INTO TBLMMODEL (MODELID, NAME, ALIAS, PARENTID)
	VALUES ('MDL52000', 'SERVER_CONFIGURATION', 'SERVER_CONFIGURATION','MDL50000');
	
-- Deal

INSERT INTO TBLMMODEL (MODELID, NAME, ALIAS, PARENTID)
	VALUES ('MDL60000', 'DEAL_MANAGEMENT', 'DEAL', NULL);
INSERT INTO TBLMMODEL (MODELID, NAME, ALIAS, PARENTID)
	VALUES ('MDL61000', 'DEAL_TAG', 'DEAL TAG', 'MDL60000');
INSERT INTO TBLMMODEL (MODELID, NAME, ALIAS, PARENTID)
	VALUES ('MDL62000', 'DEALS', 'DEALS', 'MDL60000');
INSERT INTO TBLMMODEL (MODELID, NAME, ALIAS, PARENTID)
	VALUES ('MDL63000', 'MERCHANT', 'MERCHANT', 'MDL60000');

-- Report

INSERT INTO TBLMMODEL (MODELID, NAME, ALIAS, PARENTID)
	VALUES ('MDL70000', 'REPORT', 'REPORT', NULL);
INSERT INTO TBLMMODEL (MODELID, NAME, ALIAS, PARENTID)
	VALUES ('MDL71000', 'NOTIFICATION_REPORT', 'Notification Report', 'MDL70000');
INSERT INTO TBLMMODEL (MODELID, NAME, ALIAS, PARENTID)
	VALUES ('MDL72000', 'IOS_PROFILE_REPORT', 'iOS Profile Report', 'MDL70000');


 	
 
	
	
		
	
COMMIT;
-- END INSERT INTO TBLMMODEL 
--------------------------------------------------------
--  DDL for Sequence SEQ_MMODELACTIONREL
--------------------------------------------------------
CREATE SEQUENCE SEQ_MMODELACTIONREL
		INCREMENT BY 1
		START WITH 20
		MAXVALUE 999999999999999999999999999
		MINVALUE 1
		NOCYCLE
		CACHE 20
		NOORDER;
--------------------------------------------------------
--  DDL for TBLMMODELACTIONREL
--------------------------------------------------------	
CREATE TABLE TBLMMODELACTIONREL (
	MODELID 	CHAR(8),	
	ACTIONNAME 	VARCHAR(32),
	CONSTRAINT PK_MMODELACTIONREL PRIMARY KEY (MODELID, ACTIONNAME),
	CONSTRAINT FK1_MMODELACTIONREL FOREIGN KEY (MODELID) REFERENCES TBLMMODEL
);

-- START INSERT INTO Model Action Relations
INSERT INTO TBLMMODELACTIONREL(MODELID, ACTIONNAME)
	VALUES ('MDL11000','SEARCH');
	
INSERT INTO TBLMMODELACTIONREL(MODELID, ACTIONNAME)
	VALUES ('MDL12000','CREATE');
INSERT INTO TBLMMODELACTIONREL(MODELID, ACTIONNAME)
	VALUES ('MDL12000','UPDATE');	
INSERT INTO TBLMMODELACTIONREL(MODELID, ACTIONNAME)
	VALUES ('MDL12000','DELETE');

INSERT INTO TBLMMODELACTIONREL(MODELID, ACTIONNAME)
	VALUES ('MDL13000','SEARCH');

INSERT INTO TBLMMODELACTIONREL(MODELID, ACTIONNAME)
	VALUES ('MDL14000','CREATE');
INSERT INTO TBLMMODELACTIONREL(MODELID, ACTIONNAME)
	VALUES ('MDL14000','UPDATE');	
INSERT INTO TBLMMODELACTIONREL(MODELID, ACTIONNAME)
	VALUES ('MDL14000','DELETE');	
	
INSERT INTO TBLMMODELACTIONREL(MODELID, ACTIONNAME)
	VALUES ('MDL15000','UPDATE');

INSERT INTO TBLMMODELACTIONREL(MODELID, ACTIONNAME)
	VALUES ('MDL16000','CREATE');
INSERT INTO TBLMMODELACTIONREL(MODELID, ACTIONNAME)
	VALUES ('MDL16000','UPDATE');	
INSERT INTO TBLMMODELACTIONREL(MODELID, ACTIONNAME)
	VALUES ('MDL16000','DELETE');

INSERT INTO TBLMMODELACTIONREL(MODELID, ACTIONNAME)
	VALUES ('MDL17000','CREATE');
INSERT INTO TBLMMODELACTIONREL(MODELID, ACTIONNAME)
	VALUES ('MDL17000','UPDATE');	
INSERT INTO TBLMMODELACTIONREL(MODELID, ACTIONNAME)
	VALUES ('MDL17000','DELETE');

INSERT INTO TBLMMODELACTIONREL(MODELID, ACTIONNAME)
	VALUES ('MDL18000','CREATE');
INSERT INTO TBLMMODELACTIONREL(MODELID, ACTIONNAME)
	VALUES ('MDL18000','UPDATE');	
INSERT INTO TBLMMODELACTIONREL(MODELID, ACTIONNAME)
	VALUES ('MDL18000','DELETE');
	
INSERT INTO TBLMMODELACTIONREL(MODELID, ACTIONNAME)
	VALUES ('MDL21000','CREATE');
INSERT INTO TBLMMODELACTIONREL(MODELID, ACTIONNAME)
	VALUES ('MDL21000','UPDATE');	
INSERT INTO TBLMMODELACTIONREL(MODELID, ACTIONNAME)
	VALUES ('MDL21000','DELETE');	
	
INSERT INTO TBLMMODELACTIONREL(MODELID, ACTIONNAME)
	VALUES ('MDL22000','CREATE');
INSERT INTO TBLMMODELACTIONREL(MODELID, ACTIONNAME)
	VALUES ('MDL22000','UPDATE');	
INSERT INTO TBLMMODELACTIONREL(MODELID, ACTIONNAME)
	VALUES ('MDL22000','DELETE');		
	
INSERT INTO TBLMMODELACTIONREL(MODELID, ACTIONNAME)
	VALUES ('MDL23000','CREATE');
INSERT INTO TBLMMODELACTIONREL(MODELID, ACTIONNAME)
	VALUES ('MDL23000','UPDATE');	
INSERT INTO TBLMMODELACTIONREL(MODELID, ACTIONNAME)
	VALUES ('MDL23000','DELETE');

INSERT INTO TBLMMODELACTIONREL(MODELID, ACTIONNAME)
	VALUES ('MDL24000','CREATE');
INSERT INTO TBLMMODELACTIONREL(MODELID, ACTIONNAME)
	VALUES ('MDL24000','UPDATE');	
INSERT INTO TBLMMODELACTIONREL(MODELID, ACTIONNAME)
	VALUES ('MDL24000','DELETE');	

INSERT INTO TBLMMODELACTIONREL(MODELID, ACTIONNAME)
	VALUES ('MDL25000','CREATE');
INSERT INTO TBLMMODELACTIONREL(MODELID, ACTIONNAME)
	VALUES ('MDL25000','UPDATE');	
INSERT INTO TBLMMODELACTIONREL(MODELID, ACTIONNAME)
	VALUES ('MDL25000','DELETE');	

INSERT INTO TBLMMODELACTIONREL(MODELID, ACTIONNAME)
	VALUES ('MDL31000','SEND');
	
INSERT INTO TBLMMODELACTIONREL(MODELID, ACTIONNAME)
	VALUES ('MDL32000','CREATE');
INSERT INTO TBLMMODELACTIONREL(MODELID, ACTIONNAME)
	VALUES ('MDL32000','UPDATE');
INSERT INTO TBLMMODELACTIONREL(MODELID, ACTIONNAME)
	VALUES ('MDL32000','DELETE');	

INSERT INTO TBLMMODELACTIONREL(MODELID, ACTIONNAME)
	VALUES ('MDL41000','CREATE');
INSERT INTO TBLMMODELACTIONREL(MODELID, ACTIONNAME)
	VALUES ('MDL41000','UPDATE');	
INSERT INTO TBLMMODELACTIONREL(MODELID, ACTIONNAME)
	VALUES ('MDL41000','DELETE');
	
INSERT INTO TBLMMODELACTIONREL(MODELID, ACTIONNAME)
	VALUES ('MDL42000','CREATE');
INSERT INTO TBLMMODELACTIONREL(MODELID, ACTIONNAME)
	VALUES ('MDL42000','UPDATE');	
INSERT INTO TBLMMODELACTIONREL(MODELID, ACTIONNAME)
	VALUES ('MDL42000','DELETE');

INSERT INTO TBLMMODELACTIONREL(MODELID, ACTIONNAME)
	VALUES ('MDL51000','DOWNLOAD');
INSERT INTO TBLMMODELACTIONREL(MODELID, ACTIONNAME)
	VALUES ('MDL51000','UPLOAD');	
INSERT INTO TBLMMODELACTIONREL(MODELID, ACTIONNAME)
	VALUES ('MDL52000','UPDATE');
	
INSERT INTO TBLMMODELACTIONREL(MODELID, ACTIONNAME)
	VALUES ('MDL61000','CREATE');
INSERT INTO TBLMMODELACTIONREL(MODELID, ACTIONNAME)
	VALUES ('MDL61000','UPDATE');
INSERT INTO TBLMMODELACTIONREL(MODELID, ACTIONNAME)
	VALUES ('MDL61000','DELETE');	
INSERT INTO TBLMMODELACTIONREL(MODELID, ACTIONNAME)
	VALUES ('MDL62000','CREATE');
INSERT INTO TBLMMODELACTIONREL(MODELID, ACTIONNAME)
	VALUES ('MDL62000','UPDATE');	
INSERT INTO TBLMMODELACTIONREL(MODELID, ACTIONNAME)
	VALUES ('MDL62000','DELETE');
INSERT INTO TBLMMODELACTIONREL(MODELID, ACTIONNAME)
	VALUES ('MDL63000','CREATE');
INSERT INTO TBLMMODELACTIONREL(MODELID, ACTIONNAME)
	VALUES ('MDL63000','UPDATE');	
INSERT INTO TBLMMODELACTIONREL(MODELID, ACTIONNAME)
	VALUES ('MDL63000','DELETE');
	
INSERT INTO TBLMMODELACTIONREL(MODELID, ACTIONNAME)
	VALUES ('MDL71000','SEARCH');
INSERT INTO TBLMMODELACTIONREL(MODELID, ACTIONNAME)
	VALUES ('MDL72000','SEARCH');	
	

COMMIT;

-- END INSERT INTO Model Action Relations
--------------------------------------------------------
--  DDL for Sequence SEQ_MGROUPMODELACTIONREL
--------------------------------------------------------
CREATE SEQUENCE SEQ_MGROUPMODELACTIONREL
		INCREMENT BY 1
		START WITH 20
		MAXVALUE 999999999999999999999999999
		MINVALUE 1
		NOCYCLE
		CACHE 20
		NOORDER;
--------------------------------------------------------
--  DDL for TBLMGROUPMODELACTIONREL
--------------------------------------------------------	
CREATE TABLE TBLMGROUPMODELACTIONREL (	
    MODELID CHAR(8)	NOT NULL, 
	GROUPID NUMERIC(20)	NOT NULL,
	ACTIONNAME VARCHAR(32) NOT NULL,
	CONSTRAINT PK_MGROUPMODELACTIONREL PRIMARY KEY (GROUPID, MODELID, ACTIONNAME),
	CONSTRAINT FK1_MGROUPMODELACTIONREL FOREIGN KEY (MODELID)  REFERENCES TBLMMODEL(MODELID),
	CONSTRAINT FK2_MGROUPMODELACTIONREL FOREIGN KEY (GROUPID)  REFERENCES TBLMGROUP (GROUPID)
);

--Admin Group DBC
INSERT INTO TBLMGROUPMODELACTIONREL (GROUPID, modelId, ACTIONNAME) values ('1','MDL10000','VIEW');
INSERT INTO TBLMGROUPMODELACTIONREL (GROUPID, modelId, ACTIONNAME) values ('1','MDL10000','SEARCH');

INSERT INTO TBLMGROUPMODELACTIONREL (GROUPID, modelId, ACTIONNAME) values ('1','MDL11000','VIEW');
INSERT INTO TBLMGROUPMODELACTIONREL (GROUPID, modelId, ACTIONNAME) values ('1','MDL11000','SEARCH');

INSERT INTO TBLMGROUPMODELACTIONREL (GROUPID, modelId, ACTIONNAME) values ('1','MDL12000','VIEW');
INSERT INTO TBLMGROUPMODELACTIONREL (GROUPID, modelId, ACTIONNAME) values ('1','MDL12000','SEARCH');
INSERT INTO TBLMGROUPMODELACTIONREL (GROUPID, modelId, ACTIONNAME) values ('1','MDL12000','CREATE');
INSERT INTO TBLMGROUPMODELACTIONREL (GROUPID, modelId, ACTIONNAME) values ('1','MDL12000','UPDATE');
INSERT INTO TBLMGROUPMODELACTIONREL (GROUPID, modelId, ACTIONNAME) values ('1','MDL12000','DELETE');

INSERT INTO TBLMGROUPMODELACTIONREL (GROUPID, modelId, ACTIONNAME) values ('1','MDL13000','VIEW');
INSERT INTO TBLMGROUPMODELACTIONREL (GROUPID, modelId, ACTIONNAME) values ('1','MDL13000','SEARCH');

INSERT INTO TBLMGROUPMODELACTIONREL (GROUPID, modelId, ACTIONNAME) values ('1','MDL14000','VIEW');
INSERT INTO TBLMGROUPMODELACTIONREL (GROUPID, modelId, ACTIONNAME) values ('1','MDL14000','SEARCH');
INSERT INTO TBLMGROUPMODELACTIONREL (GROUPID, modelId, ACTIONNAME) values ('1','MDL14000','CREATE');
INSERT INTO TBLMGROUPMODELACTIONREL (GROUPID, modelId, ACTIONNAME) values ('1','MDL14000','UPDATE');
INSERT INTO TBLMGROUPMODELACTIONREL (GROUPID, modelId, ACTIONNAME) values ('1','MDL14000','DELETE');

INSERT INTO TBLMGROUPMODELACTIONREL (GROUPID, modelId, ACTIONNAME) values ('1','MDL15000','VIEW');
INSERT INTO TBLMGROUPMODELACTIONREL (GROUPID, modelId, ACTIONNAME) values ('1','MDL15000','SEARCH');
INSERT INTO TBLMGROUPMODELACTIONREL (GROUPID, modelId, ACTIONNAME) values ('1','MDL15000','UPDATE');

INSERT INTO TBLMGROUPMODELACTIONREL (GROUPID, modelId, ACTIONNAME) values ('1','MDL16000','VIEW');
INSERT INTO TBLMGROUPMODELACTIONREL (GROUPID, modelId, ACTIONNAME) values ('1','MDL16000','SEARCH');
INSERT INTO TBLMGROUPMODELACTIONREL (GROUPID, modelId, ACTIONNAME) values ('1','MDL16000','CREATE');
INSERT INTO TBLMGROUPMODELACTIONREL (GROUPID, modelId, ACTIONNAME) values ('1','MDL16000','UPDATE');
INSERT INTO TBLMGROUPMODELACTIONREL (GROUPID, modelId, ACTIONNAME) values ('1','MDL16000','DELETE');

INSERT INTO TBLMGROUPMODELACTIONREL (GROUPID, modelId, ACTIONNAME) values ('1','MDL17000','VIEW');
INSERT INTO TBLMGROUPMODELACTIONREL (GROUPID, modelId, ACTIONNAME) values ('1','MDL17000','SEARCH');
INSERT INTO TBLMGROUPMODELACTIONREL (GROUPID, modelId, ACTIONNAME) values ('1','MDL17000','CREATE');
INSERT INTO TBLMGROUPMODELACTIONREL (GROUPID, modelId, ACTIONNAME) values ('1','MDL17000','UPDATE');
INSERT INTO TBLMGROUPMODELACTIONREL (GROUPID, modelId, ACTIONNAME) values ('1','MDL17000','DELETE');

INSERT INTO TBLMGROUPMODELACTIONREL (GROUPID, modelId, ACTIONNAME) values ('1','MDL18000','VIEW');
INSERT INTO TBLMGROUPMODELACTIONREL (GROUPID, modelId, ACTIONNAME) values ('1','MDL18000','SEARCH');
INSERT INTO TBLMGROUPMODELACTIONREL (GROUPID, modelId, ACTIONNAME) values ('1','MDL18000','CREATE');
INSERT INTO TBLMGROUPMODELACTIONREL (GROUPID, modelId, ACTIONNAME) values ('1','MDL18000','UPDATE');
INSERT INTO TBLMGROUPMODELACTIONREL (GROUPID, modelId, ACTIONNAME) values ('1','MDL18000','DELETE');

INSERT INTO TBLMGROUPMODELACTIONREL (GROUPID, modelId, ACTIONNAME) values ('1','MDL20000','VIEW');
INSERT INTO TBLMGROUPMODELACTIONREL (GROUPID, modelId, ACTIONNAME) values ('1','MDL20000','SEARCH');

INSERT INTO TBLMGROUPMODELACTIONREL (GROUPID, modelId, ACTIONNAME) values ('1','MDL21000','VIEW');
INSERT INTO TBLMGROUPMODELACTIONREL (GROUPID, modelId, ACTIONNAME) values ('1','MDL21000','SEARCH');
INSERT INTO TBLMGROUPMODELACTIONREL (GROUPID, modelId, ACTIONNAME) values ('1','MDL21000','CREATE');
INSERT INTO TBLMGROUPMODELACTIONREL (GROUPID, modelId, ACTIONNAME) values ('1','MDL21000','UPDATE');
INSERT INTO TBLMGROUPMODELACTIONREL (GROUPID, modelId, ACTIONNAME) values ('1','MDL21000','DELETE');

INSERT INTO TBLMGROUPMODELACTIONREL (GROUPID, modelId, ACTIONNAME) values ('1','MDL22000','VIEW');
INSERT INTO TBLMGROUPMODELACTIONREL (GROUPID, modelId, ACTIONNAME) values ('1','MDL22000','SEARCH');
INSERT INTO TBLMGROUPMODELACTIONREL (GROUPID, modelId, ACTIONNAME) values ('1','MDL22000','CREATE');
INSERT INTO TBLMGROUPMODELACTIONREL (GROUPID, modelId, ACTIONNAME) values ('1','MDL22000','UPDATE');
INSERT INTO TBLMGROUPMODELACTIONREL (GROUPID, modelId, ACTIONNAME) values ('1','MDL22000','DELETE');

INSERT INTO TBLMGROUPMODELACTIONREL (GROUPID, modelId, ACTIONNAME) values ('1','MDL23000','VIEW');
INSERT INTO TBLMGROUPMODELACTIONREL (GROUPID, modelId, ACTIONNAME) values ('1','MDL23000','SEARCH');
INSERT INTO TBLMGROUPMODELACTIONREL (GROUPID, modelId, ACTIONNAME) values ('1','MDL23000','CREATE');
INSERT INTO TBLMGROUPMODELACTIONREL (GROUPID, modelId, ACTIONNAME) values ('1','MDL23000','UPDATE');
INSERT INTO TBLMGROUPMODELACTIONREL (GROUPID, modelId, ACTIONNAME) values ('1','MDL23000','DELETE');

INSERT INTO TBLMGROUPMODELACTIONREL (GROUPID, modelId, ACTIONNAME) values ('1','MDL24000','VIEW');
INSERT INTO TBLMGROUPMODELACTIONREL (GROUPID, modelId, ACTIONNAME) values ('1','MDL24000','SEARCH');
INSERT INTO TBLMGROUPMODELACTIONREL (GROUPID, modelId, ACTIONNAME) values ('1','MDL24000','CREATE');
INSERT INTO TBLMGROUPMODELACTIONREL (GROUPID, modelId, ACTIONNAME) values ('1','MDL24000','UPDATE');
INSERT INTO TBLMGROUPMODELACTIONREL (GROUPID, modelId, ACTIONNAME) values ('1','MDL24000','DELETE');

INSERT INTO TBLMGROUPMODELACTIONREL (GROUPID, modelId, ACTIONNAME) values ('1','MDL25000','VIEW');
INSERT INTO TBLMGROUPMODELACTIONREL (GROUPID, modelId, ACTIONNAME) values ('1','MDL25000','SEARCH');
INSERT INTO TBLMGROUPMODELACTIONREL (GROUPID, modelId, ACTIONNAME) values ('1','MDL25000','CREATE');
INSERT INTO TBLMGROUPMODELACTIONREL (GROUPID, modelId, ACTIONNAME) values ('1','MDL25000','UPDATE');
INSERT INTO TBLMGROUPMODELACTIONREL (GROUPID, modelId, ACTIONNAME) values ('1','MDL25000','DELETE');

INSERT INTO TBLMGROUPMODELACTIONREL (GROUPID, modelId, ACTIONNAME) values ('1','MDL30000','VIEW');
INSERT INTO TBLMGROUPMODELACTIONREL (GROUPID, modelId, ACTIONNAME) values ('1','MDL30000','SEARCH');

INSERT INTO TBLMGROUPMODELACTIONREL (GROUPID, modelId, ACTIONNAME) values ('1','MDL31000','VIEW');
INSERT INTO TBLMGROUPMODELACTIONREL (GROUPID, modelId, ACTIONNAME) values ('1','MDL31000','SEARCH');
INSERT INTO TBLMGROUPMODELACTIONREL (GROUPID, modelId, ACTIONNAME) values ('1','MDL31000','SEND');

INSERT INTO TBLMGROUPMODELACTIONREL (GROUPID, modelId, ACTIONNAME) values ('1','MDL32000','VIEW');
INSERT INTO TBLMGROUPMODELACTIONREL (GROUPID, modelId, ACTIONNAME) values ('1','MDL32000','SEARCH');
INSERT INTO TBLMGROUPMODELACTIONREL (GROUPID, modelId, ACTIONNAME) values ('1','MDL32000','CREATE');
INSERT INTO TBLMGROUPMODELACTIONREL (GROUPID, modelId, ACTIONNAME) values ('1','MDL32000','UPDATE');
INSERT INTO TBLMGROUPMODELACTIONREL (GROUPID, modelId, ACTIONNAME) values ('1','MDL32000','DELETE');

INSERT INTO TBLMGROUPMODELACTIONREL (GROUPID, modelId, ACTIONNAME) values ('1','MDL40000','VIEW');
INSERT INTO TBLMGROUPMODELACTIONREL (GROUPID, modelId, ACTIONNAME) values ('1','MDL40000','SEARCH');

INSERT INTO TBLMGROUPMODELACTIONREL (GROUPID, modelId, ACTIONNAME) values ('1','MDL41000','VIEW');
INSERT INTO TBLMGROUPMODELACTIONREL (GROUPID, modelId, ACTIONNAME) values ('1','MDL41000','SEARCH');
INSERT INTO TBLMGROUPMODELACTIONREL (GROUPID, modelId, ACTIONNAME) values ('1','MDL41000','CREATE');
INSERT INTO TBLMGROUPMODELACTIONREL (GROUPID, modelId, ACTIONNAME) values ('1','MDL41000','UPDATE');
INSERT INTO TBLMGROUPMODELACTIONREL (GROUPID, modelId, ACTIONNAME) values ('1','MDL41000','DELETE');

INSERT INTO TBLMGROUPMODELACTIONREL (GROUPID, modelId, ACTIONNAME) values ('1','MDL42000','VIEW');
INSERT INTO TBLMGROUPMODELACTIONREL (GROUPID, modelId, ACTIONNAME) values ('1','MDL42000','SEARCH');
INSERT INTO TBLMGROUPMODELACTIONREL (GROUPID, modelId, ACTIONNAME) values ('1','MDL42000','CREATE');
INSERT INTO TBLMGROUPMODELACTIONREL (GROUPID, modelId, ACTIONNAME) values ('1','MDL42000','UPDATE');
INSERT INTO TBLMGROUPMODELACTIONREL (GROUPID, modelId, ACTIONNAME) values ('1','MDL42000','DELETE');

INSERT INTO TBLMGROUPMODELACTIONREL (GROUPID, modelId, ACTIONNAME) values ('1','MDL50000','VIEW');
INSERT INTO TBLMGROUPMODELACTIONREL (GROUPID, modelId, ACTIONNAME) values ('1','MDL50000','SEARCH');
INSERT INTO TBLMGROUPMODELACTIONREL (GROUPID, modelId, ACTIONNAME) values ('1','MDL51000','VIEW');
INSERT INTO TBLMGROUPMODELACTIONREL (GROUPID, modelId, ACTIONNAME) values ('1','MDL51000','SEARCH');
INSERT INTO TBLMGROUPMODELACTIONREL (GROUPID, modelId, ACTIONNAME) values ('1','MDL51000','DOWNLOAD');
INSERT INTO TBLMGROUPMODELACTIONREL (GROUPID, modelId, ACTIONNAME) values ('1','MDL51000','UPLOAD');

INSERT INTO TBLMGROUPMODELACTIONREL (GROUPID, modelId, ACTIONNAME) values ('1','MDL52000','VIEW');
INSERT INTO TBLMGROUPMODELACTIONREL (GROUPID, modelId, ACTIONNAME) values ('1','MDL52000','UPDATE');


INSERT INTO TBLMGROUPMODELACTIONREL (GROUPID, modelId, ACTIONNAME) values ('1','MDL61000','VIEW');
INSERT INTO TBLMGROUPMODELACTIONREL (GROUPID, modelId, ACTIONNAME) values ('1','MDL61000','SEARCH');
INSERT INTO TBLMGROUPMODELACTIONREL (GROUPID, modelId, ACTIONNAME) values ('1','MDL61000','CREATE');
INSERT INTO TBLMGROUPMODELACTIONREL (GROUPID, modelId, ACTIONNAME) values ('1','MDL61000','UPDATE');
INSERT INTO TBLMGROUPMODELACTIONREL (GROUPID, modelId, ACTIONNAME) values ('1','MDL62000','VIEW');
INSERT INTO TBLMGROUPMODELACTIONREL (GROUPID, modelId, ACTIONNAME) values ('1','MDL62000','SEARCH');
INSERT INTO TBLMGROUPMODELACTIONREL (GROUPID, modelId, ACTIONNAME) values ('1','MDL62000','CREATE');
INSERT INTO TBLMGROUPMODELACTIONREL (GROUPID, modelId, ACTIONNAME) values ('1','MDL62000','UPDATE');
INSERT INTO TBLMGROUPMODELACTIONREL (GROUPID, modelId, ACTIONNAME) values ('1','MDL62000','DELETE');

INSERT INTO TBLMGROUPMODELACTIONREL (GROUPID, modelId, ACTIONNAME) values ('1','MDL63000','VIEW');
INSERT INTO TBLMGROUPMODELACTIONREL (GROUPID, modelId, ACTIONNAME) values ('1','MDL63000','SEARCH');
INSERT INTO TBLMGROUPMODELACTIONREL (GROUPID, modelId, ACTIONNAME) values ('1','MDL63000','CREATE');
INSERT INTO TBLMGROUPMODELACTIONREL (GROUPID, modelId, ACTIONNAME) values ('1','MDL63000','UPDATE');
INSERT INTO TBLMGROUPMODELACTIONREL (GROUPID, modelId, ACTIONNAME) values ('1','MDL63000','DELETE');

INSERT INTO TBLMGROUPMODELACTIONREL (GROUPID, modelId, ACTIONNAME) values ('1','MDL70000','VIEW');
INSERT INTO TBLMGROUPMODELACTIONREL (GROUPID, modelId, ACTIONNAME) values ('1','MDL70000','SEARCH');
INSERT INTO TBLMGROUPMODELACTIONREL (GROUPID, modelId, ACTIONNAME) values ('1','MDL71000','VIEW');
INSERT INTO TBLMGROUPMODELACTIONREL (GROUPID, modelId, ACTIONNAME) values ('1','MDL71000','SEARCH');
INSERT INTO TBLMGROUPMODELACTIONREL (GROUPID, modelId, ACTIONNAME) values ('1','MDL72000','VIEW');
INSERT INTO TBLMGROUPMODELACTIONREL (GROUPID, modelId, ACTIONNAME) values ('1','MDL72000','SEARCH');

COMMIT;
--support Group Permission DBC 
INSERT INTO TBLMGROUPMODELACTIONREL (GROUPID, modelId, ACTIONNAME) values ('2','MDL10000','VIEW');
INSERT INTO TBLMGROUPMODELACTIONREL (GROUPID, modelId, ACTIONNAME) values ('2','MDL10000','SEARCH');

INSERT INTO TBLMGROUPMODELACTIONREL (GROUPID, modelId, ACTIONNAME) values ('2','MDL11000','VIEW');
INSERT INTO TBLMGROUPMODELACTIONREL (GROUPID, modelId, ACTIONNAME) values ('2','MDL11000','SEARCH');

INSERT INTO TBLMGROUPMODELACTIONREL (GROUPID, modelId, ACTIONNAME) values ('2','MDL12000','VIEW');
INSERT INTO TBLMGROUPMODELACTIONREL (GROUPID, modelId, ACTIONNAME) values ('2','MDL12000','SEARCH');

INSERT INTO TBLMGROUPMODELACTIONREL (GROUPID, modelId, ACTIONNAME) values ('2','MDL13000','VIEW');
INSERT INTO TBLMGROUPMODELACTIONREL (GROUPID, modelId, ACTIONNAME) values ('2','MDL13000','SEARCH');

INSERT INTO TBLMGROUPMODELACTIONREL (GROUPID, modelId, ACTIONNAME) values ('2','MDL14000','VIEW');
INSERT INTO TBLMGROUPMODELACTIONREL (GROUPID, modelId, ACTIONNAME) values ('2','MDL14000','SEARCH');

INSERT INTO TBLMGROUPMODELACTIONREL (GROUPID, modelId, ACTIONNAME) values ('2','MDL15000','VIEW');
INSERT INTO TBLMGROUPMODELACTIONREL (GROUPID, modelId, ACTIONNAME) values ('2','MDL15000','SEARCH');

INSERT INTO TBLMGROUPMODELACTIONREL (GROUPID, modelId, ACTIONNAME) values ('2','MDL16000','VIEW');
INSERT INTO TBLMGROUPMODELACTIONREL (GROUPID, modelId, ACTIONNAME) values ('2','MDL16000','SEARCH');

INSERT INTO TBLMGROUPMODELACTIONREL (GROUPID, modelId, ACTIONNAME) values ('2','MDL17000','VIEW');
INSERT INTO TBLMGROUPMODELACTIONREL (GROUPID, modelId, ACTIONNAME) values ('2','MDL17000','SEARCH');

INSERT INTO TBLMGROUPMODELACTIONREL (GROUPID, modelId, ACTIONNAME) values ('2','MDL18000','VIEW');
INSERT INTO TBLMGROUPMODELACTIONREL (GROUPID, modelId, ACTIONNAME) values ('2','MDL18000','SEARCH');

INSERT INTO TBLMGROUPMODELACTIONREL (GROUPID, modelId, ACTIONNAME) values ('2','MDL20000','VIEW');
INSERT INTO TBLMGROUPMODELACTIONREL (GROUPID, modelId, ACTIONNAME) values ('2','MDL20000','SEARCH');

INSERT INTO TBLMGROUPMODELACTIONREL (GROUPID, modelId, ACTIONNAME) values ('2','MDL21000','VIEW');
INSERT INTO TBLMGROUPMODELACTIONREL (GROUPID, modelId, ACTIONNAME) values ('2','MDL21000','SEARCH');

INSERT INTO TBLMGROUPMODELACTIONREL (GROUPID, modelId, ACTIONNAME) values ('2','MDL22000','VIEW');
INSERT INTO TBLMGROUPMODELACTIONREL (GROUPID, modelId, ACTIONNAME) values ('2','MDL22000','SEARCH');

INSERT INTO TBLMGROUPMODELACTIONREL (GROUPID, modelId, ACTIONNAME) values ('2','MDL23000','VIEW');
INSERT INTO TBLMGROUPMODELACTIONREL (GROUPID, modelId, ACTIONNAME) values ('2','MDL23000','SEARCH');

INSERT INTO TBLMGROUPMODELACTIONREL (GROUPID, modelId, ACTIONNAME) values ('2','MDL24000','VIEW');
INSERT INTO TBLMGROUPMODELACTIONREL (GROUPID, modelId, ACTIONNAME) values ('2','MDL24000','SEARCH');

INSERT INTO TBLMGROUPMODELACTIONREL (GROUPID, modelId, ACTIONNAME) values ('2','MDL25000','VIEW');
INSERT INTO TBLMGROUPMODELACTIONREL (GROUPID, modelId, ACTIONNAME) values ('2','MDL25000','SEARCH');

INSERT INTO TBLMGROUPMODELACTIONREL (GROUPID, modelId, ACTIONNAME) values ('2','MDL30000','VIEW');
INSERT INTO TBLMGROUPMODELACTIONREL (GROUPID, modelId, ACTIONNAME) values ('2','MDL30000','SEARCH');

INSERT INTO TBLMGROUPMODELACTIONREL (GROUPID, modelId, ACTIONNAME) values ('2','MDL31000','VIEW');
INSERT INTO TBLMGROUPMODELACTIONREL (GROUPID, modelId, ACTIONNAME) values ('2','MDL31000','SEARCH');

INSERT INTO TBLMGROUPMODELACTIONREL (GROUPID, modelId, ACTIONNAME) values ('2','MDL32000','VIEW');
INSERT INTO TBLMGROUPMODELACTIONREL (GROUPID, modelId, ACTIONNAME) values ('2','MDL32000','SEARCH');

INSERT INTO TBLMGROUPMODELACTIONREL (GROUPID, modelId, ACTIONNAME) values ('2','MDL50000','VIEW');
INSERT INTO TBLMGROUPMODELACTIONREL (GROUPID, modelId, ACTIONNAME) values ('2','MDL50000','SEARCH');
INSERT INTO TBLMGROUPMODELACTIONREL (GROUPID, modelId, ACTIONNAME) values ('2','MDL51000','VIEW');
INSERT INTO TBLMGROUPMODELACTIONREL (GROUPID, modelId, ACTIONNAME) values ('2','MDL51000','SEARCH');

INSERT INTO TBLMGROUPMODELACTIONREL (GROUPID, modelId, ACTIONNAME) values ('2','MDL61000','VIEW');
INSERT INTO TBLMGROUPMODELACTIONREL (GROUPID, modelId, ACTIONNAME) values ('2','MDL61000','SEARCH');
INSERT INTO TBLMGROUPMODELACTIONREL (GROUPID, modelId, ACTIONNAME) values ('2','MDL62000','VIEW');
INSERT INTO TBLMGROUPMODELACTIONREL (GROUPID, modelId, ACTIONNAME) values ('2','MDL62000','SEARCH');
INSERT INTO TBLMGROUPMODELACTIONREL (GROUPID, modelId, ACTIONNAME) values ('2','MDL63000','VIEW');
INSERT INTO TBLMGROUPMODELACTIONREL (GROUPID, modelId, ACTIONNAME) values ('2','MDL63000','SEARCH');

INSERT INTO TBLMGROUPMODELACTIONREL (GROUPID, modelId, ACTIONNAME) values ('2','MDL70000','VIEW');
INSERT INTO TBLMGROUPMODELACTIONREL (GROUPID, modelId, ACTIONNAME) values ('2','MDL70000','SEARCH');
INSERT INTO TBLMGROUPMODELACTIONREL (GROUPID, modelId, ACTIONNAME) values ('2','MDL71000','VIEW');
INSERT INTO TBLMGROUPMODELACTIONREL (GROUPID, modelId, ACTIONNAME) values ('2','MDL71000','SEARCH');
INSERT INTO TBLMGROUPMODELACTIONREL (GROUPID, modelId, ACTIONNAME) values ('2','MDL72000','VIEW');
INSERT INTO TBLMGROUPMODELACTIONREL (GROUPID, modelId, ACTIONNAME) values ('2','MDL72000','SEARCH');

COMMIT;

--Operrator Group Permission DBC 
INSERT INTO TBLMGROUPMODELACTIONREL (GROUPID, modelId, ACTIONNAME) values ('3','MDL10000','VIEW');
INSERT INTO TBLMGROUPMODELACTIONREL (GROUPID, modelId, ACTIONNAME) values ('3','MDL10000','SEARCH');

INSERT INTO TBLMGROUPMODELACTIONREL (GROUPID, modelId, ACTIONNAME) values ('3','MDL11000','VIEW');
INSERT INTO TBLMGROUPMODELACTIONREL (GROUPID, modelId, ACTIONNAME) values ('3','MDL11000','SEARCH');

INSERT INTO TBLMGROUPMODELACTIONREL (GROUPID, modelId, ACTIONNAME) values ('3','MDL12000','VIEW');
INSERT INTO TBLMGROUPMODELACTIONREL (GROUPID, modelId, ACTIONNAME) values ('3','MDL12000','SEARCH');
INSERT INTO TBLMGROUPMODELACTIONREL (GROUPID, modelId, ACTIONNAME) values ('3','MDL12000','CREATE');
INSERT INTO TBLMGROUPMODELACTIONREL (GROUPID, modelId, ACTIONNAME) values ('3','MDL12000','UPDATE');

INSERT INTO TBLMGROUPMODELACTIONREL (GROUPID, modelId, ACTIONNAME) values ('3','MDL13000','VIEW');
INSERT INTO TBLMGROUPMODELACTIONREL (GROUPID, modelId, ACTIONNAME) values ('3','MDL13000','SEARCH');

INSERT INTO TBLMGROUPMODELACTIONREL (GROUPID, modelId, ACTIONNAME) values ('3','MDL14000','VIEW');
INSERT INTO TBLMGROUPMODELACTIONREL (GROUPID, modelId, ACTIONNAME) values ('3','MDL14000','SEARCH');
INSERT INTO TBLMGROUPMODELACTIONREL (GROUPID, modelId, ACTIONNAME) values ('3','MDL14000','CREATE');
INSERT INTO TBLMGROUPMODELACTIONREL (GROUPID, modelId, ACTIONNAME) values ('3','MDL14000','UPDATE');

INSERT INTO TBLMGROUPMODELACTIONREL (GROUPID, modelId, ACTIONNAME) values ('3','MDL15000','VIEW');
INSERT INTO TBLMGROUPMODELACTIONREL (GROUPID, modelId, ACTIONNAME) values ('3','MDL15000','SEARCH');
INSERT INTO TBLMGROUPMODELACTIONREL (GROUPID, modelId, ACTIONNAME) values ('3','MDL15000','UPDATE');

INSERT INTO TBLMGROUPMODELACTIONREL (GROUPID, modelId, ACTIONNAME) values ('3','MDL16000','VIEW');
INSERT INTO TBLMGROUPMODELACTIONREL (GROUPID, modelId, ACTIONNAME) values ('3','MDL16000','SEARCH');
INSERT INTO TBLMGROUPMODELACTIONREL (GROUPID, modelId, ACTIONNAME) values ('3','MDL16000','CREATE');
INSERT INTO TBLMGROUPMODELACTIONREL (GROUPID, modelId, ACTIONNAME) values ('3','MDL16000','UPDATE');

INSERT INTO TBLMGROUPMODELACTIONREL (GROUPID, modelId, ACTIONNAME) values ('3','MDL17000','VIEW');
INSERT INTO TBLMGROUPMODELACTIONREL (GROUPID, modelId, ACTIONNAME) values ('3','MDL17000','SEARCH');
INSERT INTO TBLMGROUPMODELACTIONREL (GROUPID, modelId, ACTIONNAME) values ('3','MDL17000','CREATE');
INSERT INTO TBLMGROUPMODELACTIONREL (GROUPID, modelId, ACTIONNAME) values ('3','MDL17000','UPDATE');

INSERT INTO TBLMGROUPMODELACTIONREL (GROUPID, modelId, ACTIONNAME) values ('3','MDL18000','VIEW');
INSERT INTO TBLMGROUPMODELACTIONREL (GROUPID, modelId, ACTIONNAME) values ('3','MDL18000','SEARCH');
INSERT INTO TBLMGROUPMODELACTIONREL (GROUPID, modelId, ACTIONNAME) values ('3','MDL18000','CREATE');
INSERT INTO TBLMGROUPMODELACTIONREL (GROUPID, modelId, ACTIONNAME) values ('3','MDL18000','UPDATE');

INSERT INTO TBLMGROUPMODELACTIONREL (GROUPID, modelId, ACTIONNAME) values ('3','MDL20000','VIEW');
INSERT INTO TBLMGROUPMODELACTIONREL (GROUPID, modelId, ACTIONNAME) values ('3','MDL20000','SEARCH');

INSERT INTO TBLMGROUPMODELACTIONREL (GROUPID, modelId, ACTIONNAME) values ('3','MDL21000','VIEW');
INSERT INTO TBLMGROUPMODELACTIONREL (GROUPID, modelId, ACTIONNAME) values ('3','MDL21000','SEARCH');
INSERT INTO TBLMGROUPMODELACTIONREL (GROUPID, modelId, ACTIONNAME) values ('3','MDL21000','CREATE');
INSERT INTO TBLMGROUPMODELACTIONREL (GROUPID, modelId, ACTIONNAME) values ('3','MDL21000','UPDATE');

INSERT INTO TBLMGROUPMODELACTIONREL (GROUPID, modelId, ACTIONNAME) values ('3','MDL22000','VIEW');
INSERT INTO TBLMGROUPMODELACTIONREL (GROUPID, modelId, ACTIONNAME) values ('3','MDL22000','SEARCH');
INSERT INTO TBLMGROUPMODELACTIONREL (GROUPID, modelId, ACTIONNAME) values ('3','MDL22000','CREATE');
INSERT INTO TBLMGROUPMODELACTIONREL (GROUPID, modelId, ACTIONNAME) values ('3','MDL22000','UPDATE');

INSERT INTO TBLMGROUPMODELACTIONREL (GROUPID, modelId, ACTIONNAME) values ('3','MDL23000','VIEW');
INSERT INTO TBLMGROUPMODELACTIONREL (GROUPID, modelId, ACTIONNAME) values ('3','MDL23000','SEARCH');
INSERT INTO TBLMGROUPMODELACTIONREL (GROUPID, modelId, ACTIONNAME) values ('3','MDL23000','CREATE');
INSERT INTO TBLMGROUPMODELACTIONREL (GROUPID, modelId, ACTIONNAME) values ('3','MDL23000','UPDATE');

INSERT INTO TBLMGROUPMODELACTIONREL (GROUPID, modelId, ACTIONNAME) values ('3','MDL24000','VIEW');
INSERT INTO TBLMGROUPMODELACTIONREL (GROUPID, modelId, ACTIONNAME) values ('3','MDL24000','SEARCH');
INSERT INTO TBLMGROUPMODELACTIONREL (GROUPID, modelId, ACTIONNAME) values ('3','MDL24000','CREATE');
INSERT INTO TBLMGROUPMODELACTIONREL (GROUPID, modelId, ACTIONNAME) values ('3','MDL24000','UPDATE');

INSERT INTO TBLMGROUPMODELACTIONREL (GROUPID, modelId, ACTIONNAME) values ('3','MDL25000','VIEW');
INSERT INTO TBLMGROUPMODELACTIONREL (GROUPID, modelId, ACTIONNAME) values ('3','MDL25000','SEARCH');
INSERT INTO TBLMGROUPMODELACTIONREL (GROUPID, modelId, ACTIONNAME) values ('3','MDL25000','CREATE');
INSERT INTO TBLMGROUPMODELACTIONREL (GROUPID, modelId, ACTIONNAME) values ('3','MDL25000','UPDATE');

INSERT INTO TBLMGROUPMODELACTIONREL (GROUPID, modelId, ACTIONNAME) values ('3','MDL30000','VIEW');
INSERT INTO TBLMGROUPMODELACTIONREL (GROUPID, modelId, ACTIONNAME) values ('3','MDL30000','SEARCH');

INSERT INTO TBLMGROUPMODELACTIONREL (GROUPID, modelId, ACTIONNAME) values ('3','MDL31000','VIEW');
INSERT INTO TBLMGROUPMODELACTIONREL (GROUPID, modelId, ACTIONNAME) values ('3','MDL31000','SEARCH');

INSERT INTO TBLMGROUPMODELACTIONREL (GROUPID, modelId, ACTIONNAME) values ('3','MDL32000','VIEW');
INSERT INTO TBLMGROUPMODELACTIONREL (GROUPID, modelId, ACTIONNAME) values ('3','MDL32000','SEARCH');
INSERT INTO TBLMGROUPMODELACTIONREL (GROUPID, modelId, ACTIONNAME) values ('3','MDL32000','CREATE');
INSERT INTO TBLMGROUPMODELACTIONREL (GROUPID, modelId, ACTIONNAME) values ('3','MDL32000','UPDATE');

INSERT INTO TBLMGROUPMODELACTIONREL (GROUPID, modelId, ACTIONNAME) values ('3','MDL50000','VIEW');
INSERT INTO TBLMGROUPMODELACTIONREL (GROUPID, modelId, ACTIONNAME) values ('3','MDL50000','SEARCH');

INSERT INTO TBLMGROUPMODELACTIONREL (GROUPID, modelId, ACTIONNAME) values ('3','MDL51000','VIEW');
INSERT INTO TBLMGROUPMODELACTIONREL (GROUPID, modelId, ACTIONNAME) values ('3','MDL51000','SEARCH');

INSERT INTO TBLMGROUPMODELACTIONREL (GROUPID, modelId, ACTIONNAME) values ('3','MDL52000','VIEW');
INSERT INTO TBLMGROUPMODELACTIONREL (GROUPID, modelId, ACTIONNAME) values ('3','MDL52000','UPDATE');

INSERT INTO TBLMGROUPMODELACTIONREL (GROUPID, modelId, ACTIONNAME) values ('3','MDL60000','VIEW');
INSERT INTO TBLMGROUPMODELACTIONREL (GROUPID, modelId, ACTIONNAME) values ('3','MDL60000','SEARCH');

INSERT INTO TBLMGROUPMODELACTIONREL (GROUPID, modelId, ACTIONNAME) values ('3','MDL61000','VIEW');
INSERT INTO TBLMGROUPMODELACTIONREL (GROUPID, modelId, ACTIONNAME) values ('3','MDL61000','SEARCH');
INSERT INTO TBLMGROUPMODELACTIONREL (GROUPID, modelId, ACTIONNAME) values ('3','MDL61000','CREATE');
INSERT INTO TBLMGROUPMODELACTIONREL (GROUPID, modelId, ACTIONNAME) values ('3','MDL61000','UPDATE');
INSERT INTO TBLMGROUPMODELACTIONREL (GROUPID, modelId, ACTIONNAME) values ('3','MDL62000','VIEW');
INSERT INTO TBLMGROUPMODELACTIONREL (GROUPID, modelId, ACTIONNAME) values ('3','MDL62000','SEARCH');
INSERT INTO TBLMGROUPMODELACTIONREL (GROUPID, modelId, ACTIONNAME) values ('3','MDL62000','CREATE');
INSERT INTO TBLMGROUPMODELACTIONREL (GROUPID, modelId, ACTIONNAME) values ('3','MDL62000','UPDATE');

INSERT INTO TBLMGROUPMODELACTIONREL (GROUPID, modelId, ACTIONNAME) values ('3','MDL63000','VIEW');
INSERT INTO TBLMGROUPMODELACTIONREL (GROUPID, modelId, ACTIONNAME) values ('3','MDL63000','SEARCH');
INSERT INTO TBLMGROUPMODELACTIONREL (GROUPID, modelId, ACTIONNAME) values ('3','MDL63000','CREATE');
INSERT INTO TBLMGROUPMODELACTIONREL (GROUPID, modelId, ACTIONNAME) values ('3','MDL63000','UPDATE');

INSERT INTO TBLMGROUPMODELACTIONREL (GROUPID, modelId, ACTIONNAME) values ('3','MDL70000','VIEW');
INSERT INTO TBLMGROUPMODELACTIONREL (GROUPID, modelId, ACTIONNAME) values ('3','MDL70000','SEARCH');
INSERT INTO TBLMGROUPMODELACTIONREL (GROUPID, modelId, ACTIONNAME) values ('3','MDL71000','VIEW');
INSERT INTO TBLMGROUPMODELACTIONREL (GROUPID, modelId, ACTIONNAME) values ('3','MDL71000','SEARCH');
INSERT INTO TBLMGROUPMODELACTIONREL (GROUPID, modelId, ACTIONNAME) values ('3','MDL72000','VIEW');
INSERT INTO TBLMGROUPMODELACTIONREL (GROUPID, modelId, ACTIONNAME) values ('3','MDL72000','SEARCH');

COMMIT;

--End ACL Table
-- Table for SMSHttpConf --

CREATE TABLE TBLMSMSHTTPCONF(
   SMSHTTPCONFID	   NUMERIC(20),
   SERVICEURL		   VARCHAR(2000),
   USERNAME		       VARCHAR(128),
   PASSWORD		       VARCHAR(128),
   HTTPPOOLMIN		   NUMERIC,
   HTTPPOOLMAX		   NUMERIC,
   CONNECTIONTIMEOUT   NUMERIC,
   DELIVERYURL         VARCHAR(255),
   SENDER              VARCHAR(255),
   PARAM1              VARCHAR(255),
   PARAM2              VARCHAR(255),
   PARAM3              VARCHAR(255),
   CONSTRAINT pk_MSMSHTTPCONF PRIMARY KEY(SMSHTTPCONFID)
);

Insert into TBLMSMSHTTPCONF (SMSHTTPCONFID, SERVICEURL, USERNAME, PASSWORD, HTTPPOOLMIN, HTTPPOOLMAX, CONNECTIONTIMEOUT, DELIVERYURL)
Values (1, 'http://192.168.0.196:13013/cgi-bin/sendsms?to={MSG-TO}CHR(38)||text={MSG-TEXT}CHR(38)||username={user-name}CHR(38)||password={password}', 'elitecore', 'elitecore', 10, 50, 1000, null);

CREATE SEQUENCE SEQ_MNOTIFICATIONQUEUE
      INCREMENT BY 1
      START WITH 101
      MAXVALUE 999999
      MINVALUE 1
      CACHE 20;
      
CREATE TABLE TBLMNOTIFICATIONQUEUE(
  NOTIFICATIONID        NUMERIC,
  TOSMSADDRESS		VARCHAR(256),
  SMSDATA		VARCHAR(4000),
  SMSSTATUS		VARCHAR(128),
  VALIDITYDATE 		TIMESTAMP,
  SUBSCRIBERIDENTITY 	VARCHAR(256),
  CREATEDTIME         	TIMESTAMP,
  CONSTRAINT PK_MNOTIFICATIONQUEUE PRIMARY KEY (NOTIFICATIONID)
);

-- Sequence for SMS Template Table      
CREATE SEQUENCE SEQ_MSMSTMPLT
  	 INCREMENT BY 1
     START WITH 101
     MAXVALUE 999999
     MINVALUE 1
     CACHE 20;  
     
-- Table for SMS Template     
CREATE TABLE TBLMSMSTMPLT
(
   SMSTMPLTID  NUMERIC NOT NULL,
   NAME   VARCHAR(128),
   TEMPLATEDATA  VARCHAR(4000),
   CREATEDDATE  TIMESTAMP DEFAULT CURRENT_TIMESTAMP,
   CREATEDBYSTAFFID NUMERIC,
   MODIFIEDDATE  TIMESTAMP DEFAULT CURRENT_TIMESTAMP,
   MODIFIEDBYSTAFFID NUMERIC,
   CONSTRAINT PK_MSMSTMPLT PRIMARY KEY (SMSTMPLTID),
   CONSTRAINT FK1_MSMSTMPLT FOREIGN KEY (MODIFIEDBYSTAFFID) REFERENCES TBLMSTAFF (STAFFID),
   CONSTRAINT FK2_MSMSTMPLT FOREIGN KEY (CREATEDBYSTAFFID) REFERENCES TBLMSTAFF (STAFFID)
);

-- Sequence for OTPProfile --

CREATE SEQUENCE SEQ_MOTPPROFILE  
      INCREMENT BY 1
      START WITH 101
      MAXVALUE 999999
      MINVALUE 1
      CACHE 20;
      
CREATE SEQUENCE SEQ_OTP
      INCREMENT BY 1
      START WITH 101
      MAXVALUE 999999
      MINVALUE 1
      CACHE 20;
      
-- Table for OTPProfile --

CREATE TABLE TBLMOTPPROFILE(
   OTPPROFILEID		NUMERIC(20),
   OTPPROFILENAME	VARCHAR(128)	NOT NULL,
   OTPFORMAT		VARCHAR(64)	NOT NULL,
   IGNORECHARACTERS	VARCHAR(64),
   OTPGENMODE	VARCHAR(64) DEFAULT 'DEFAULT',
   VALIDITY		NUMERIC(20)	DEFAULT 60,
   STATUS		VARCHAR(5)	DEFAULT 'Y' NOT NULL,
   SMSTMPLTID   NUMERIC,
   CONSTRAINT pk_MOTPPROFILE PRIMARY KEY(OTPPROFILEID),
   CONSTRAINT FK1_MOTPPROFILE FOREIGN KEY(SMSTMPLTID) REFERENCES TBLMSMSTMPLT(SMSTMPLTID)
);
Insert into TBLMOTPPROFILE (OTPPROFILEID,OTPPROFILENAME,OTPFORMAT,IGNORECHARACTERS,VALIDITY) values(1,'Default','######','0',1440);

CREATE TABLE TBLOTP (
    OTPID     		VARCHAR(256),
	MOBILENUMBER    VARCHAR(20),
	IMSI 			VARCHAR(20),
    OTP			    VARCHAR(64),
	VALIDITY		NUMERIC(20),
	STATUS          VARCHAR(64), 
    CREATETIME      TIMESTAMP,
	LASTUSEDTIME    TIMESTAMP,
    CONSTRAINT PK_MOTP PRIMARY KEY (OTPID)
); -- required procedure which delete all entries periodically


--------------------------------------------------------
--  DDL for Sequence SEQ_MALERTLISTENERINSTANCE
--------------------------------------------------------
	  
CREATE SEQUENCE SEQ_MALERTLISTENERINSTANCE
      INCREMENT BY 1
      START WITH 101
      MAXVALUE 999999
      MINVALUE 1
      CACHE 20; 
--------------------------------------------------------
--  DDL for Sequence SEQ_MTRAPLISTENERINSTANCE
--------------------------------------------------------
	  
CREATE SEQUENCE SEQ_MTRAPLISTENERINSTANCE
      INCREMENT BY 1
      START WITH 101
      MAXVALUE 999999
      MINVALUE 1
      CACHE 20;
	  
--------------------------------------------------------
--  DDL for Table TBLMALERTLISTENERINSTANCE
--------------------------------------------------------
CREATE TABLE TBLMALERTLISTENERINSTANCE(
      INSTANCEID              NUMERIC(20),
      NAME                    VARCHAR(60),
      TYPEID                  NUMERIC(8),
      STATUS           	      Char(1)  DEFAULT 'Y' NOT NULL,
      CREATEDBYSTAFFID        NUMERIC(20),
      LASTMODIFIEDBYSTAFFID   NUMERIC(20),
      LASTMODIFIEDDATE        TIMESTAMP,
      CREATEDATE              TIMESTAMP,
      CONSTRAINT PK_MALERTLISTENERINSTANCE  PRIMARY KEY (INSTANCEID),
      CONSTRAINT FK1_MALERTLISTENERINSTANCE FOREIGN KEY (LASTMODIFIEDBYSTAFFID) REFERENCES TBLMSTAFF (STAFFID),
      CONSTRAINT FK2_MALERTLISTENERINSTANCE FOREIGN KEY (CREATEDBYSTAFFID) REFERENCES TBLMSTAFF (STAFFID)
);

--------------------------------------------------------
--  DDL for Table TBLMTRAPLISTENERINSTANCE
--------------------------------------------------------

CREATE TABLE TBLMTRAPLISTENERINSTANCE(
    TRAPLISTNERID             NUMERIC(20),
    TRAPSERVER                VARCHAR(100),
    TRAPVERSION               NUMERIC(8),
    COMMUNITY                 VARCHAR(10),
    ADVANCETRAP               VARCHAR(5),
    INSTANCEID                NUMERIC(20),
    CONSTRAINT PK_MTRAPLISTENERINSTANCE PRIMARY KEY (TRAPLISTNERID),
    CONSTRAINT FK1_MTRAPLISTENERINSTANCE FOREIGN KEY (INSTANCEID) REFERENCES TBLMALERTLISTENERINSTANCE (INSTANCEID)
);

--------------------------------------------------------
--  DDL for Table TBLMALERTLISTENERREL
--------------------------------------------------------
CREATE TABLE TBLMALERTLISTENERREL(
    INSTANCEID                NUMERIC(20),
    ALERTID                   VARCHAR(8),
    CONSTRAINT PK_MALERTLISTENERREL PRIMARY KEY (INSTANCEID,ALERTID),
    CONSTRAINT FK1_MALERTLISTENERREL FOREIGN KEY (INSTANCEID) REFERENCES TBLMALERTLISTENERINSTANCE (INSTANCEID)
);

--------------------------------------------------------
--  DDL for Sequence SEQ_MSCREENZONEREL
--------------------------------------------------------
CREATE SEQUENCE  SEQ_MSCREENZONEREL
	START WITH 20
	INCREMENT BY 1
	MAXVALUE 999999999999999999999999999
	MINVALUE 1
	NOCYCLE
	CACHE 20
	NOORDER;
--------------------------------------------------------
--  DDL for Table TBLMSCREENZONEREL
--------------------------------------------------------
CREATE TABLE TBLMSCREENZONEREL(
	SCREENZONERELID NUMBER(10),
	ZONEID VARCHAR(250),
	SCREENNAME VARCHAR(250),
	ADLOCATION VARCHAR(250),
	CONSTRAINT PK_MSCREENZONEREL PRIMARY KEY(SCREENZONERELID)
	);
	
--INSERT INTO TBLMSCREENZONEREL VALUES( 20,'1,2,3','Reigstration','Header');

INSERT INTO TBLMSCREENZONEREL (SCREENZONERELID, ZONEID, SCREENNAME, ADLOCATION) VALUES ('20', '1,2,3', 'ElitecoreRegistration', 'Footer');
INSERT INTO TBLMSCREENZONEREL (SCREENZONERELID, ZONEID, SCREENNAME, ADLOCATION) VALUES ('21', '1,2,3', 'Dashboard', 'Footer');
INSERT INTO TBLMSCREENZONEREL (SCREENZONERELID, ZONEID, SCREENNAME, ADLOCATION) VALUES ('22', '1,2,3', 'GoogelMapActivity', 'FullScreen');
INSERT INTO TBLMSCREENZONEREL (SCREENZONERELID, ZONEID, SCREENNAME, ADLOCATION) VALUES ('23', '1,2,3', 'Reports', 'Footer');
INSERT INTO TBLMSCREENZONEREL (SCREENZONERELID, ZONEID, SCREENNAME, ADLOCATION) VALUES ('24', '1,2,3', 'Welcome', 'Footer');
INSERT INTO TBLMSCREENZONEREL (SCREENZONERELID, ZONEID, SCREENNAME, ADLOCATION) VALUES ('25', '1,2,3', 'RegistrationActivity', 'Footer');

--------------------------------------------------------
--  DDL for Sequence SEQ_MAUDIT
--------------------------------------------------------
	CREATE SEQUENCE SEQ_MAUDIT
		INCREMENT BY 1
		START WITH 20
		MAXVALUE 999999
		MINVALUE 1
		CACHE 20;
--------------------------------------------------------
--  DDL for Table TBLMAUDIT
--------------------------------------------------------
CREATE TABLE TBLMAUDIT(
		AUDITID NUMBER(20,0),
		OPERATION VARCHAR(64),
		MODULE VARCHAR(64),
		IPADDRESS VARCHAR(64),
		USERNAME VARCHAR(64),
		STAFFID NUMBER(20,0),
		OLDVALUE BLOB,
		NEWVALUE BLOB,
		OLDVALUEASSTRING VARCHAR(4000),
		NEWVALUEASSTRING VARCHAR(4000),
		CREATEDATE TIMESTAMP,
		CONSTRAINT PK_AUDIT PRIMARY KEY(AUDITID)	
	);
--------------------------------------------------------
--  DDL for Sequence SEQ_MIOSPROFILE
--------------------------------------------------------

CREATE SEQUENCE SEQ_MIOSPROFILE
	INCREMENT BY 1
	START WITH 20
	MAXVALUE 999999999999999999999999999
	MINVALUE 1
	NOCYCLE
	CACHE 20
	NOORDER;
	
--------------------------------------------------------
--  DDL for Table TBLMIOSPROFILE
--------------------------------------------------------
CREATE TABLE TBLMIOSPROFILE(
	IOSPROFILEID NUMBER(20,0),
	PROFILENAME VARCHAR(250),
	PROFILEPATH VARCHAR(2000),
	SSID VARCHAR(250),
	ENCRYPTIONTYPE VARCHAR(250),
	PROFILETYPE VARCHAR2(64),
	AUTOJOIN VARCHAR(16),
	ORGANIZATION VARCHAR (512),
	IDENTIFIER VARCHAR(512),
	DESCRIPTION VARCHAR(512),
	HIDDENNETWORK VARCHAR(16),
	CONSTRAINT PK_MIOSPROFILE PRIMARY KEY (IOSPROFILEID)
);

--------------------------------------------------------
--  DDL for Table TBLMTHEME
--------------------------------------------------------
CREATE TABLE TBLMTHEME(
		THEMEID NUMBER(20,0),
		THEMENAME VARCHAR(256),
		SCOPE VARCHAR(256),
		MCC VARCHAR(256),
		MNC VARCHAR(256),
		LATITUDE VARCHAR(256),
		LONGITUDE VARCHAR(256),
		SCOPEVALUE VARCHAR(512),
		CRITERIA VARCHAR(64),
		CONSTRAINT PK_MTHEME PRIMARY KEY (THEMEID)
);

INSERT INTO TBLMTHEME (THEMEID,THEMENAME,SCOPE,MCC,MNC,LATITUDE,LONGITUDE) VALUES(1,'Mumbai','CITY','404','27','18.9750','72.8258');
INSERT INTO TBLMTHEME (THEMEID,THEMENAME,SCOPE,MCC,MNC,LATITUDE,LONGITUDE) VALUES(2,'Ahmedabad','CITY','404','5','23.0300','72.5800');
INSERT INTO TBLMTHEME (THEMEID,THEMENAME,SCOPE,MCC,MNC,LATITUDE,LONGITUDE) VALUES(3,'Delhi','CITY','404','11','28.6100','77.2300');

--------------------------------------------------------
--  DDL for Table TBLMVERSION
--------------------------------------------------------
CREATE TABLE TBLMVERSION(
  VERSIONID NUMBER(20,0),
  VERSIONTYPE VARCHAR(64),
  VERSION VARCHAR(64),
  RELEASEDATE TIMESTAMP,
  FORCEUPDATE VARCHAR(8),
  URL VARCHAR(1024),
  CONSTRAINT PK_MVERSION PRIMARY KEY (VERSIONID)
);

INSERT INTO TBLMVERSION (VERSIONID,VERSIONTYPE,VERSION,RELEASEDATE,FORCEUPDATE,URL) VALUES (1,'IOS','1.0.0',CURRENT_TIMESTAMP,'FALSE','www.elitecore.com');

--------------------------------------------------------
--  DDL for Table TBLMSYNCDATA
--------------------------------------------------------
CREATE TABLE TBLMSYNCDATA(
	SYNCDATAID NUMBER(20,0),
	MODULENAME VARCHAR(128),
	LASTUPDATEDATE TIMESTAMP,
	CONSTRAINT PK_MSYNCDATA PRIMARY KEY (SYNCDATAID)
);


INSERT INTO TBLMSYNCDATA VALUES(1,'Location',CURRENT_TIMESTAMP);
INSERT INTO TBLMSYNCDATA VALUES(2,'ServerConfig',CURRENT_TIMESTAMP);
INSERT INTO TBLMSYNCDATA VALUES(3,'DynamicAdvertisement',CURRENT_TIMESTAMP);
commit;
--------------------------------------------------------
--  DDL for Sequence SEQ_MIOSPROFILEDOWNLOADHISTORY
--------------------------------------------------------
CREATE SEQUENCE SEQ_MIOSPROFILEDOWNLOADHISTORY
	INCREMENT BY 1
	START WITH 20
	MAXVALUE 999999
	MINVALUE 1
	CACHE 20;
--------------------------------------------------------
--  DDL for Table TBLMIOSPROFILEDOWNLOADHISTORY
--------------------------------------------------------
CREATE TABLE TBLMIOSPROFILEDOWNLOADHISTORY(
	HISTORYID NUMBER(20,0),
	IMEI VARCHAR(40),
	AUTHMETHOD VARCHAR(40),
	USERNAME VARCHAR(64),
	PASSWORD VARCHAR(64),
	FILENAME VARCHAR(64),
	DOWNLOADDATE TIMESTAMP,
	CONSTRAINT PK_IOSPROFILEDOWNLOAD PRIMARY KEY(HISTORYID)	
	);

--------------------------------------------------------
--  DDL for Functoin degree2radian
--------------------------------------------------------
 CREATE OR REPLACE FUNCTION degree2radian(pin_Degree IN NUMBER)
     RETURN NUMBER DETERMINISTIC IS
    BEGIN
      RETURN pin_Degree / 57.2957795; 
    END degree2radian;
 /
    
 --------------------------------------------------------
--  DDL for Sequence SEQ_MDYNAMICADD
--------------------------------------------------------

CREATE SEQUENCE SEQ_MDYNAMICADD
	INCREMENT BY 1
	START WITH 20
	MAXVALUE 999999999999999999999999999
	MINVALUE 1
	NOCYCLE
	CACHE 20
	NOORDER;
	
--------------------------------------------------------
--  DDL for Table TBLMDYNAMICADD
--------------------------------------------------------
CREATE TABLE TBLMDYNAMICADD(
	DYNAMICADD NUMBER(20,0),
	DYNAMICADDNAME VARCHAR(250),
	SCREENNAME VARCHAR(250),
	SCREENLOCATION VARCHAR(20),
	INVOCATIONCODE VARCHAR(4000),
	CREATEDBYSTAFFID        NUMERIC(20),
    LASTMODIFIEDBYSTAFFID   NUMERIC(20),
    LASTMODIFIEDDATE        TIMESTAMP,
    CREATEDATE              TIMESTAMP,
    DEVICECATAGORY VARCHAR(20),
	CONSTRAINT PK_MDYNAMICADD PRIMARY KEY (DYNAMICADD)
);

--------------------------------------------------------
--  DDL for Sequence SEQ_MREQUESTINFO
--------------------------------------------------------

CREATE SEQUENCE SEQ_MREQUESTINFO
	INCREMENT BY 1
	START WITH 20
	MAXVALUE 999999999999999999999999999
	MINVALUE 1
	NOCYCLE
	CACHE 20
	NOORDER;
--------------------------------------------------------
--  DDL for Sequence SEQ_MREQUESTINFO_SESSIONID to generate session id
-- select to_char(SEQ_MREQUESTINFO_SESSIONID.nextval,'0000000') from dual;
--------------------------------------------------------

CREATE SEQUENCE SEQ_MREQUESTINFO_SESSIONID
INCREMENT BY 1
START WITH 20
MAXVALUE 999999999999999999999999999
MINVALUE 1
NOCYCLE
CACHE 20
NOORDER;
--------------------------------------------------------
--  DDL for Table TBLMREQUESTINFO
--------------------------------------------------------
CREATE TABLE TBLMREQUESTINFO(
	REQID 		NUMBER(20,0),
	USERNAME 	VARCHAR2(50),
	PASSWORD 	VARCHAR2(50),
	IMEI 		VARCHAR2(40),
	DEVICETYPE 	VARCHAR2(50),
	IMSI 		VARCHAR2(50),
	MSISDN 		VARCHAR2(50),
	FEATURE 	VARCHAR2(50),
	SESSIONID 	varchar2(50),
    TIMEOUT     TIMESTAMP,
    REQTIME     TIMESTAMP DEFAULT CURRENT_TIMESTAMP,
	CONSTRAINT PK_MREQUESTINFO PRIMARY KEY (REQID)
);

--------------------------------------------------------
--  DDL for Table TBLMSERVERCONFIG
--------------------------------------------------------
CREATE TABLE TBLMSERVERCONFIG(
	  SERVERCONFIGID	NUMERIC(1),
	  LOGLEVEL			VARCHAR(10),
	  ROLLINGTYPE 		NUMERIC(1),
	  ROLLINGUNIT 		NUMERIC(10),
	  MAXROLLEDUNIT 	NUMERIC(5),
	  SNMPADDRESS 		VARCHAR(50),
	  OTPPROFILEID      NUMERIC(20),
	  DEFAULTLANGUAGE 	VARCHAR(64) DEFAULT 'en',
	  ANDROIDGCMSERVERKEY VARCHAR(256),
	  ANDROIDCOMMUNICATIONMODE NUMERIC(1) DEFAULT 1,
	  GCMMSGSENDRETRY NUMERIC(8),
	  IOSCERTIFICATEPATH VARCHAR(1024),
	  APNSPASSWORD VARCHAR(256),
	  IOSCOMMUNICATIONMODE NUMERIC(1) DEFAULT 1,
	  IOSMSGEXPIREAFTERDAY NUMERIC(1),
	  SERVERUNREACHABLEMESSAGE VARCHAR(256),
	  NOTIFICATIONCALLBACKMODE NUMERIC(1) DEFAULT 1,
	  NOTIFICATIONCALLBACKINTERVAL NUMERIC(7),
	  SYNCINTERVALTIME NUMERIC(7),
	  MINIMUMRADIUS NUMERIC(8),
	  LOCATIONUPDATEMESSAGE VARCHAR(256),
	  ADENABLE NUMERIC(1) DEFAULT 0,
	  ADREFRESHINTERVAL NUMERIC(7),
	  ANDROIDPACKAGENAME VARCHAR(56),
	  ANDROIDSHAREDSECRETKEY VARCHAR(256),
	  IOSPACKAGENAME VARCHAR(56),
	  PAGESIZE NUMERIC(8) default 20,
	  IOSSHAREDSECRETKEY VARCHAR(256),
	  PUSHQUEUETHREAD NUMERIC(8),
	  CREATEDATE     	TIMESTAMP DEFAULT CURRENT_TIMESTAMP,
	  CREATEDBYSTAFFID  NUMERIC(20),
	  LASTMODIFIEDDATE  TIMESTAMP DEFAULT CURRENT_TIMESTAMP,
	  LASTMODIFIEDBYSTAFFID	NUMERIC(20),
	  ANDROIDREALTIMESYNCH CHAR(3),
	  TERMSANDCONDITIONMODE VARCHAR(64),
	  TERMSANDCONDITION VARCHAR2(4000),
	  CONSTRAINT PK_MSERVERCONFIG PRIMARY KEY (SERVERCONFIGID),
	  CONSTRAINT FK1_MSERVERCONFIG FOREIGN KEY (OTPPROFILEID) REFERENCES TBLMOTPPROFILE (OTPPROFILEID)
);

INSERT INTO TBLMSERVERCONFIG(SERVERCONFIGID,OTPPROFILEID, LOGLEVEL,ROLLINGTYPE,ROLLINGUNIT,MAXROLLEDUNIT,SNMPADDRESS,CREATEDBYSTAFFID,LASTMODIFIEDBYSTAFFID,ANDROIDPACKAGENAME,ANDROIDSHAREDSECRETKEY,IOSPACKAGENAME,IOSSHAREDSECRETKEY) VALUES (1,1,'ALL',1,5,10,'127.0.0.1:161','1','1','com.elitecore.easyconnectapp','1234554321','com.elitecore.easyconnectapp','1234554321');

--------------------------------------------------------
--  DDL for Sequence SEQ_MLOCATIONIDENTIFIER
--------------------------------------------------------
CREATE SEQUENCE SEQ_MLOCATIONIDENTIFIER
	INCREMENT BY 1
	START WITH 20
	MAXVALUE 999999999999
	MINVALUE 1
	NOCYCLE
	CACHE 20
	NOORDER;
--------------------------------------------------------
--  DDL for Table TBLMLOCATIONIDENTIFIER
--------------------------------------------------------
CREATE TABLE TBLMLOCATIONIDENTIFIER(
	LOCATIONIDENTIFIERID NUMBER(20,0),
	AGENTID VARCHAR(512),
	CIRCUTID VARCHAR(512),
	CONSTRAINT PK_MLOCATIONIDENTIFIER PRIMARY KEY(LOCATIONIDENTIFIERID),
	CONSTRAINT FK_MLOCATIONIDENTIFIER1 FOREIGN KEY (LOCATIONIDENTIFIERID)  REFERENCES TBLMLOCATION (LOCATIONID) ON DELETE CASCADE
);

--------------------------------------------------------
--  DDL for Sequence SEQ_MDEALTAG
--------------------------------------------------------
CREATE SEQUENCE SEQ_MDEALTAG
	INCREMENT BY 1
	START WITH 20
	MAXVALUE 999999999999
	MINVALUE 1
	NOCYCLE
	CACHE 20
	NOORDER;

--------------------------------------------------------
--  DDL for Table TBLMDEALTAG
--------------------------------------------------------
CREATE TABLE TBLMDEALTAG(
	TAGID NUMBER(20,0),
	TAGNAME VARCHAR(256),
	IMGPATH VARCHAR(1024),
	STATUS VARCHAR(256),
	DESCRIPTION VARCHAR(2048),
	CREATEDATE     	TIMESTAMP DEFAULT CURRENT_TIMESTAMP,
	CREATEDBYSTAFFID  NUMERIC(20),
	LASTMODIFIEDDATE  TIMESTAMP DEFAULT CURRENT_TIMESTAMP,
	LASTMODIFIEDBYSTAFFID	NUMERIC(20),
	CONSTRAINT PK_MDEALTAG PRIMARY KEY (TAGID)
);


--------------------------------------------------------
--  DDL for Sequence SEQ_MMERCHANT
--------------------------------------------------------
CREATE SEQUENCE SEQ_MMERCHANT
	INCREMENT BY 1
	START WITH 20
	MAXVALUE 999999999999
	MINVALUE 1
	NOCYCLE
	CACHE 20
	NOORDER;

--------------------------------------------------------
--  DDL for Table TBLMMERCHANT
--------------------------------------------------------
CREATE TABLE TBLMMERCHANT(
	MERCHANTID NUMBER(20,0),
	MERCHANTNAME VARCHAR2(512),
	ACTIVE VARCHAR2(32),
	DESCRIPTION VARCHAR2(1024),
	CREATEDATE TIMESTAMP (6) DEFAULT CURRENT_TIMESTAMP,
	CREATEDBYSTAFFID NUMBER(20),
	LASTMODIFIEDDATE TIMESTAMP (6) DEFAULT CURRENT_TIMESTAMP,
	LASTMODIFIEDBYSTAFFID NUMBER(20),
	MERCHANTIDENTIFIER VARCHAR2(32),
	CURRENTBALANCE NUMBER(10,2),
	FREEDEALS NUMBER(10,0),
	PAIDDEALS NUMBER(10,0),
	EMAIL VARCHAR2(32),
	PHONE NUMBER(10,0),
	PIN NUMBER(10,0),
	CONSTRAINT PK_MMERCHANT PRIMARY KEY (MERCHANTID)
);

--------------------------------------------------------
--  DDL for Table TBLMMERCHANTDEALSREL
--------------------------------------------------------
CREATE TABLE TBLMMERCHANTDEALSREL(
	MERCHANTID NUMBER(20,0),
	DEALID NUMBER(20,0),
	BINDTIME TIMESTAMP (6) DEFAULT CURRENT_TIMESTAMP
);

--------------------------------------------------------
--  DDL for Sequence SEQ_MMERCHANTSUMARY
--------------------------------------------------------
CREATE SEQUENCE SEQ_MMERCHANTSUMARY
	INCREMENT BY 1
	START WITH 20
	MAXVALUE 999999999999
	MINVALUE 1
	NOCYCLE
	CACHE 20
	NOORDER;

--------------------------------------------------------
--  DDL for Table TBLMMERCHANTSUMARY
--------------------------------------------------------
CREATE TABLE TBLMMERCHANTSUMARY(
	TRANSACTIONID NUMBER(20,0),
	PAYERNAME VARCHAR2(32),
	PAYMENTMODE VARCHAR2(32), -- CASH or CHEQUE or NEFT
	PAYMENTTYPE VARCHAR2(32), -- CREDIT or DEBIT
	DESCRIPTION VARCHAR2(1024),
	AMOUNT NUMBER(10,0),
	MERCHANTID NUMBER(20,0),
	MERCHANTNAME VARCHAR2(32),
	BALANCE NUMBER(10,0),
	CREATEDATE TIMESTAMP (6) DEFAULT CURRENT_TIMESTAMP,
	CREATEDBYSTAFFID NUMBER(20,0),
	LASTMODIFIEDDATE TIMESTAMP (6) DEFAULT CURRENT_TIMESTAMP,
	LASTMODIFIEDBYSTAFFID NUMBER(20,0)
);

----------------------------------------------------------------------------
--  DDL for Sequence SEQ_MDEAL
----------------------------------------------------------------------------
CREATE SEQUENCE SEQ_MDEAL
      INCREMENT BY 1
      START WITH 20
      MAXVALUE 999999999999999999999999999
      MINVALUE 1
      NOCYCLE
      CACHE 20
      NOORDER;
----------------------------------------------------------------------------
--  DDL for Table TBLMDEAL
----------------------------------------------------------------------------
CREATE TABLE TBLMDEAL(
    DEALID						NUMBER(20,0),
    DEALNAME					VARCHAR2(1024) NOT NULL,
    DEALSTATUS					VARCHAR2(25),
    DEALTYPE					VARCHAR2(25),
    DESCRIPTION					VARCHAR2(4000),
    DEALSTARTDATE				TIMESTAMP,
    DEALSTOPDATE				TIMESTAMP,
    VOUCHERLIMITS				NUMBER(20),
    DEALCOST_FOR_MERCHANT		NUMBER(20),
	OPERATORCOST_PER_VOUCHER	NUMBER(20),
	DEALHEADLINE				VARCHAR2(4000),
	DEALIMAGEPATH				VARCHAR2(4000),
	DEALTHUMBAIL_IMAGEPATH		VARCHAR2(4000),
	PRICE						NUMBER(20,0),
	MERCHANTPRICE				NUMBER(20,0),
	OFFER						VARCHAR2(4000),
	OFFERDESCRIPTION			VARCHAR2(4000),
	REEDMPTIONDETAILS			VARCHAR2(4000),
	CREATEDATE     	TIMESTAMP DEFAULT CURRENT_TIMESTAMP,
	CREATEDBYSTAFFID  NUMERIC(20),
	LASTMODIFIEDDATE  TIMESTAMP DEFAULT CURRENT_TIMESTAMP,
	LASTMODIFIEDBYSTAFFID	NUMERIC(20),
	CONSTRAINT PK_MDEAL			PRIMARY KEY(DEALID),
	CONSTRAINT FK1_MDEAL  FOREIGN KEY (CREATEDBYSTAFFID)  REFERENCES TBLMSTAFF (STAFFID),
	CONSTRAINT FK2_MDEAL  FOREIGN KEY (LASTMODIFIEDBYSTAFFID)  REFERENCES TBLMSTAFF (STAFFID)
);
----------------------------------------------------------------------------
--  DDL for Sequence SEQ_MDEALSERVINGLOCATIONREL
----------------------------------------------------------------------------
CREATE SEQUENCE SEQ_MDEALSERVINGLOCATIONREL
      INCREMENT BY 1
      START WITH 20
      MAXVALUE 999999999999999999999999999
      MINVALUE 1
      NOCYCLE
      CACHE 20
      NOORDER;
----------------------------------------------------------------------------
--  DDL for Table TBLMDEAL
----------------------------------------------------------------------------
CREATE TABLE TBLMDEALSERVINGLOCATIONREL(
	SERVINGLOCATIONID			NUMBER(20,0),
    DEALID						NUMBER(20,0),
    LONGITUDE					NUMBER(20,10) NOT NULL,
    LATITUDE					NUMBER(20,10) NOT NULL,
    DESCRIPTION					VARCHAR2(1024),
	CONSTRAINT PK_MDEALSERVINGLOCATIONREL		PRIMARY KEY(SERVINGLOCATIONID),
	CONSTRAINT FK1_MDEALSERVINGLOCATIONREL      FOREIGN KEY (DEALID)  REFERENCES TBLMDEAL (DEALID)
);
----------------------------------------------------------------------------
----------------------------------------------------------------------------
--  DDL for Sequence SEQ_MVOUCHERCONFIG
----------------------------------------------------------------------------
CREATE SEQUENCE SEQ_MVOUCHERCONFIG
      INCREMENT BY 1
      START WITH 20
      MAXVALUE 999999999999999999999999999
      MINVALUE 1
      NOCYCLE
      CACHE 20
      NOORDER;
----------------------------------------------------------------------------
--  DDL for Table TBLMVOUCHERCONFIG
----------------------------------------------------------------------------	  
 CREATE TABLE TBLMVOUCHERCONFIG(
	VOUCHERCONFIGID 			NUMBER(20,0),
	VOUCHERBATCHNAME 			VARCHAR2(64) NOT NULL,
	DESCRIPTION 				VARCHAR(510),
	VOUCHERLIMIT				NUMERIC(20),
	GENERATIONSTARTDATE 		TIMESTAMP,
	GENERATIONSTOPDATE  		TIMESTAMP,
	VALIDITYSTARTDATE			TIMESTAMP,
	VALIDITYDURATION			NUMERIC(20),
	VALIDITYEXPIRYDATE			TIMESTAMP,
	VOUCHERTYPE					VARCHAR2(25) NOT NULL,
	REDEMPTIONMODE				VARCHAR2(25) NOT NULL,
	FIXVOUCHERCODE				VARCHAR2(100),
	NUMBERALLOWED				CHAR(1) DEFAULT 'Y',
	UPPERCASEALLOWED			CHAR(1) DEFAULT 'Y',
	LOWERCASEALLOWED			CHAR(1) DEFAULT 'Y',
	IGNORECHARACTERS			CHAR(1) DEFAULT 'Y',
	PREFIX						VARCHAR2(25),
	POSTFIX						VARCHAR2(25),
	VOUCHERLENGTH				NUMERIC(20),
	VOUCHERGENMODE				VARCHAR2(25),
	VOUCHERGENERATIONDRIVER		VARCHAR2(50),
	CREATEDATE TIMESTAMP			NOT NULL, 
	CREATEDBYSTAFFID NUMERIC(20)	NOT NULL, 
	LASTMODIFIEDDATE TIMESTAMP		NOT NULL, 
	LASTMODIFIEDBYSTAFFID NUMERIC(20) NOT NULL,
	CONSTRAINT FK1_MVOUCHERCONFIG FOREIGN KEY (VOUCHERCONFIGID)  REFERENCES TBLMDEAL (DEALID),
	CONSTRAINT FK2_MVOUCHERCONFIG FOREIGN KEY (CREATEDBYSTAFFID)  REFERENCES TBLMSTAFF (STAFFID),
	CONSTRAINT FK3_MVOUCHERCONFIG FOREIGN KEY (LASTMODIFIEDBYSTAFFID) REFERENCES TBLMSTAFF (STAFFID)
);
----------------------------------------------------------------------------
--  DDL for Sequence SEQ_MFTPDETAIL
----------------------------------------------------------------------------
CREATE SEQUENCE SEQ_MFTPDETAIL
      INCREMENT BY 1
      START WITH 20
      MAXVALUE 999999999999999999999999999
      MINVALUE 1
      NOCYCLE
      CACHE 20
      NOORDER;

----------------------------------------------------------------------------
--  DDL for Table TBLMFTPDETAIL
----------------------------------------------------------------------------	  
CREATE TABLE TBLMFTPDETAIL
(
	FTPDETAILID NUMBER(20,0),
	FTPSERVERIP VARCHAR2(64),
	FTPALIAS VARCHAR2(32),
	USERNAME VARCHAR2(64),
	PASSWORD VARCHAR2(64),
	LOCATION VARCHAR2(512),
	DESCRIPTION VARCHAR2(512),
	CREATEDATE TIMESTAMP (6) DEFAULT CURRENT_TIMESTAMP,
	CREATEDBYSTAFFID NUMBER(20,0),
	LASTMODIFIEDDATE TIMESTAMP (6) DEFAULT CURRENT_TIMESTAMP,
	LASTMODIFIEDBYSTAFFID NUMBER(20,0)
);

----------------------------------------------------------------------------
--  DDL for Sequence SEQ_MFTPMERCHANTCONFIG
----------------------------------------------------------------------------
CREATE SEQUENCE SEQ_MFTPMERCHANTCONFIG
      INCREMENT BY 1
      START WITH 20
      MAXVALUE 999999999999999999999999999
      MINVALUE 1
      NOCYCLE
      CACHE 20
      NOORDER;

----------------------------------------------------------------------------
--  DDL for Table TBLMFTPMERCHANTCONFIG
----------------------------------------------------------------------------	  
CREATE TABLE TBLMFTPMERCHANTCONFIG
(
	ID NUMBER(20,0),
	FTPDETAILID NUMBER(20,0),
	MERCHANTID NUMBER(20,0),
	UPLOADFREQUENCY VARCHAR2(512),
	DAY NUMBER(20,0),
	CREATEDATE TIMESTAMP (6) DEFAULT CURRENT_TIMESTAMP,
	CREATEDBYSTAFFID NUMBER(20,0),
	LASTMODIFIEDDATE TIMESTAMP (6) DEFAULT CURRENT_TIMESTAMP,
	LASTMODIFIEDBYSTAFFID NUMBER(20,0)
);
----------------------------------------------------------------------------
--  DDL for Sequence SEQ_MBROADCASTPOLICY
----------------------------------------------------------------------------
CREATE SEQUENCE SEQ_MBROADCASTPOLICY
      INCREMENT BY 1
      START WITH 20
      MAXVALUE 999999999999999999999999999
      MINVALUE 1
      NOCYCLE
      CACHE 20
      NOORDER;

----------------------------------------------------------------------------
--  DDL for Table TBLMDEALVOUCHERDETAIL
----------------------------------------------------------------------------	  
CREATE TABLE TBLMDEALVOUCHERDETAIL(
	DEALVOUCHERDETAILID NUMBER(20),
	VOUCHERID NUMBER(20),
	DEALID NUMBER(20),
	MERCHANTID NUMBER(20),
	VOUCHERCODE VARCHAR(64),
	PASSWORD VARCHAR(64),
	CREATEDATE TIMESTAMP (6) DEFAULT CURRENT_TIMESTAMP,
	EXPIRYDATE TIMESTAMP (6) DEFAULT CURRENT_TIMESTAMP,
	USEDDATE TIMESTAMP (6),
	STATUS VARCHAR(32),
	IMSI VARCHAR(25),
	IMEI VARCHAR(40),
	MSISDN VARCHAR(15),
	PRICE NUMBER(20)
);

----------------------------------------------------------------------------
--  DDL for Sequence SEQ_MDEALVOUCHERDETAIL
----------------------------------------------------------------------------
CREATE SEQUENCE SEQ_MDEALVOUCHERDETAIL
	INCREMENT BY 1
	START WITH 20
	MAXVALUE 999999999999
	MINVALUE 1
	NOCYCLE
	CACHE 20
	NOORDER;


----------------------------------------------------------------------------
----------------------------------------------------------------------------
--  DDL for Table TBLMBROADCASTPOLICY
----------------------------------------------------------------------------	
CREATE TABLE  TBLMBROADCASTPOLICY
(
	BROADCASTPOLICYID                         NUMBER(20),
	COMMUNICATIONTYPEID                       NUMBER(20) NOT NULL,
	POLICYNAME                                VARCHAR2(128),
	STATUS                                    VARCHAR2(30),
	MESSAGE                                   VARCHAR2(4000),
	DESCRIPTION                               VARCHAR2(4000),
	RULESET                                   VARCHAR2(1024),
	SCHEDULETYPE                              VARCHAR2(20),
	STARTTIME                                 TIMESTAMP(6),
	STOPTIME                                  TIMESTAMP(6),
	TIMEINTERVAL                              NUMBER(5),
	CREATEDATE                                TIMESTAMP(6),
	CREATEDBYSTAFFID                          NUMBER(20),
	LASTMODIFIEDDATE                          TIMESTAMP(6),
	LASTMODIFIEDBYSTAFFID                     NUMBER(20),
	CONSTRAINT PK_MBROADCASTPOLICY			  PRIMARY KEY(BROADCASTPOLICYID),
	CONSTRAINT FK1_MBROADCASTPOLICY  		  FOREIGN KEY (CREATEDBYSTAFFID)  REFERENCES TBLMSTAFF (STAFFID),
	CONSTRAINT FK2_MBROADCASTPOLICY  		  FOREIGN KEY (LASTMODIFIEDBYSTAFFID)  REFERENCES TBLMSTAFF (STAFFID)
);

----------------------------------------------------------------------------
----------------------------------------------------------------------------
--  DDL for Table TBL
----------------------------------------------------------------------------
CREATE TABLE  TBLMHIDEMENU
(
MENUNAME varchar2(100),
CONSTRAINT PK_TBLMHIDEMENU PRIMARY KEY(MENUNAME)
);
COMMIT;

----------------------------------------------------------------------------
--   DDL for Sequence SEQ_MDEALTAGREL
----------------------------------------------------------------------------	

CREATE SEQUENCE SEQ_MDEALTAGREL
      INCREMENT BY 1
      START WITH 20
      MAXVALUE 999999999999999999999999999
      MINVALUE 1
      NOCYCLE
      CACHE 20
      NOORDER;
----------------------------------------------------------------------------
--  DDL for Table TBLMDEALTAGREL
----------------------------------------------------------------------------	
CREATE TABLE TBLMDEALTAGREL(
	TAGID NUMBER(20),
	DEALID NUMBER(20),
	CONSTRAINT PK_MDEALTAGREL PRIMARY KEY(DEALID,TAGID),
	CONSTRAINT FK1_MDEALTAGREL FOREIGN KEY(DEALID) REFERENCES TBLMDEAL(DEALID) ON DELETE CASCADE,
	CONSTRAINT FK2_MDEALTAGREL FOREIGN KEY(TAGID) REFERENCES TBLMDEALTAG(TAGID) ON DELETE CASCADE
);

--======================================  By Sagar Vaghela ==================================

--============================ Changes After 09-03-2015 =======================

ALTER TABLE TBLMDEAL RENAME COLUMN DEALSTATUS TO STATUS;
ALTER TABLE TBLMDEAL ADD CONSTRAINT UK1_MDEAL UNIQUE (DEALNAME);
ALTER TABLE TBLMBROADCASTPOLICY MODIFY (RULESET VARCHAR2(2000));
UPDATE  TBLMSERVERCONFIG SET LOCATIONUPDATEMESSAGE = 'module:update:MODULE_NAME' WHERE SERVERCONFIGID=1;
UPDATE  TBLMSERVERCONFIG SET SERVERUNREACHABLEMESSAGE = 'PLEASE CONTACT CUSTOMER SUPPORT.' WHERE SERVERCONFIGID=1;

--============================ Changes After 01-04-2015 =======================
ALTER TABLE TBLMWIFIDETAILS DROP COLUMN WLANIP;
ALTER TABLE TBLMOTPPROFILE DROP CONSTRAINT FK1_MOTPPROFILE;
ALTER TABLE TBLMOTPPROFILE ADD CONSTRAINT FK1_MOTPPROFILE  FOREIGN KEY(SMSTMPLTID) REFERENCES TBLMSMSTMPLT(SMSTMPLTID) ON DELETE SET NULL;

--============================ Changes On 06-04-2015 =======================
ALTER TABLE TBLMMERCHANT ADD  (USERNAME VARCHAR2(128));
ALTER TABLE TBLMMERCHANT ADD PASSWORD VARCHAR2(128) ;

ALTER TABLE TBLMMERCHANT MODIFY (USERNAME NOT NULL DISABLE);
ALTER TABLE TBLMMERCHANT MODIFY (PASSWORD NOT NULL DISABLE);

--============================ Changes On 08-04-2015 =======================
ALTER TABLE TBLMSERVERCONFIG MODIFY (IOSMSGEXPIREAFTERDAY NUMERIC(8));

--============================ Changes On 08-04-2015 =======================
UPDATE  TBLMSERVERCONFIG SET ANDROIDGCMSERVERKEY = 'AIzaSyAZio95g5GOmYJrsX71LvXuPugwETUYxV8' WHERE SERVERCONFIGID=1;
UPDATE  TBLMSERVERCONFIG SET NOTIFICATIONCALLBACKINTERVAL = 10 WHERE SERVERCONFIGID=1;
UPDATE  TBLMSERVERCONFIG SET SYNCINTERVALTIME = 1440 WHERE SERVERCONFIGID=1;
UPDATE  TBLMSERVERCONFIG SET MINIMUMRADIUS = 100 WHERE SERVERCONFIGID=1;
UPDATE  TBLMSERVERCONFIG SET TERMSANDCONDITION = 'This application is for Trial and Demo purpose only. You cannot use it without written permission from Elitecore Technologies Pvt. Ltd.' WHERE SERVERCONFIGID=1;
UPDATE  TBLMSERVERCONFIG SET GCMMSGSENDRETRY = 3 WHERE SERVERCONFIGID=1;
UPDATE  TBLMSERVERCONFIG SET ANDROIDPACKAGENAME = 'com.elitecore.eliteconnect' WHERE SERVERCONFIGID=1;
UPDATE  TBLMSERVERCONFIG SET ANDROIDSHAREDSECRETKEY = 'dadomeoicdaodmd.oectlztiatt' WHERE SERVERCONFIGID=1;
UPDATE  TBLMSERVERCONFIG SET IOSPACKAGENAME = 'com.elitecore.eliteconnect' WHERE SERVERCONFIGID=1;
UPDATE  TBLMSERVERCONFIG SET IOSSHAREDSECRETKEY = 'neeitieetomo.comnsniee.icet' WHERE SERVERCONFIGID=1;
UPDATE  TBLMSERVERCONFIG SET APNSPASSWORD = 'Elite1234' WHERE SERVERCONFIGID=1;
UPDATE  TBLMSERVERCONFIG SET IOSMSGEXPIREAFTERDAY = 1 WHERE SERVERCONFIGID=1;
UPDATE  TBLMSERVERCONFIG SET PUSHQUEUETHREAD = 3 WHERE SERVERCONFIGID=1;

ALTER TABLE TBLMMERCHANT ADD CONSTRAINT UK1_MMERCHANT UNIQUE (USERNAME);

--============================ Changes On 08-04-2015 =======================
ALTER TABLE TBLMDEALSERVINGLOCATIONREL DROP CONSTRAINT FK1_MDEALSERVINGLOCATIONREL;
ALTER TABLE TBLMDEALSERVINGLOCATIONREL ADD CONSTRAINT FK1_MDEALSERVINGLOCATIONREL FOREIGN KEY (DEALID) REFERENCES TBLMDEAL (DEALID) ON DELETE CASCADE;

--============================ Changes On 13-04-2015 =======================
ALTER TABLE TBLMMERCHANTDEALSREL ADD CONSTRAINT PK_MMERCHANTDEALSREL PRIMARY KEY (MERCHANTID, DEALID);
ALTER TABLE TBLMMERCHANTDEALSREL ADD CONSTRAINT FK1_MMERCHANTDEALSREL FOREIGN KEY (MERCHANTID) REFERENCES TBLMMERCHANT(MERCHANTID) ON DELETE CASCADE;
ALTER TABLE TBLMMERCHANTDEALSREL ADD CONSTRAINT FK2_MMERCHANTDEALSREL FOREIGN KEY (DEALID) REFERENCES TBLMDEAL(DEALID) ON DELETE CASCADE;


--============================ Changes On 14-04-2015 =======================

----------------------------------------------------------------------------
--   DDL for Sequence SEQ_MANDROIDWIFISETTING
----------------------------------------------------------------------------	

CREATE SEQUENCE SEQ_MANDROIDWIFISETTING
      INCREMENT BY 1
      START WITH 20
      MAXVALUE 9999999999
      MINVALUE 1
      NOCYCLE
      CACHE 20
      NOORDER;

----------------------------------------------------------------------------
--  DDL for Table TBLMANDROIDWIFISETTING
----------------------------------------------------------------------------
CREATE TABLE TBLMANDROIDWIFISETTING(
	ANDROIDSETTINGID NUMBER (20,0),
	ANDROIDSETTINGNAME VARCHAR(128),
	STATUS CHAR(1),
	READONLYSETTING CHAR(1),
	REMOVEALLOWFROMAPP CHAR(1),
	CREATEDATE TIMESTAMP			NOT NULL, 
	CREATEDBYSTAFFID NUMERIC(20)	NOT NULL, 
	LASTMODIFIEDDATE TIMESTAMP		NOT NULL, 
	LASTMODIFIEDBYSTAFFID NUMERIC(20)NOT NULL,
	CONSTRAINT PK_MANDROIDWIFISETTING PRIMARY KEY(ANDROIDSETTINGID)
);

----------------------------------------------------------------------------
--   DDL for Sequence SEQ_MWIFISETTING
----------------------------------------------------------------------------
CREATE SEQUENCE SEQ_MWIFISETTING
      INCREMENT BY 1
      START WITH 20
      MAXVALUE 9999999999
      MINVALUE 1
      NOCYCLE
      CACHE 20
      NOORDER;

----------------------------------------------------------------------------
--  DDL for Table TBLMWIFISETTING
----------------------------------------------------------------------------
CREATE TABLE TBLMWIFISETTING(
	WIFISETTINGID NUMBER (20,0),
	SSIDNAME VARCHAR(128),
	AUTOJOIN VARCHAR(32),
	HIDDEN VARCHAR(32),
	SECURITYTYPE VARCHAR(64),
	EAPTYPE VARCHAR(64),
	NOTIFICATIONMESSAGE VARCHAR(1024),
	VALIDFORALLNETWORK VARCHAR(32),
	SELECTEDNETWORK VARCHAR(128),
	NETWORKNAME VARCHAR(128),
	MCC VARCHAR(512),
	MNC VARCHAR(512),
	USERIDENTITY VARCHAR(512),
	PASSWORD VARCHAR(512),
	PROTOCOLTYPE VARCHAR(64),
	ISPREFERABLE VARCHAR(64),
	CREATEDATE TIMESTAMP			NOT NULL, 
	CREATEDBYSTAFFID NUMERIC(20)	NOT NULL, 
	LASTMODIFIEDDATE TIMESTAMP		NOT NULL, 
	LASTMODIFIEDBYSTAFFID NUMERIC(20)NOT NULL,
	CONSTRAINT PK_MWIFISETTING PRIMARY KEY(WIFISETTINGID)
);

----------------------------------------------------------------------------
--   DDL for Sequence SEQ_MANDROIDWIFISETTINGREL
----------------------------------------------------------------------------
CREATE SEQUENCE SEQ_MANDROIDWIFISETTINGREL
      INCREMENT BY 1
      START WITH 20
      MAXVALUE 9999999999
      MINVALUE 1
      NOCYCLE
      CACHE 20
      NOORDER;
----------------------------------------------------------------------------
--  DDL for Table TBLMANDROIDWIFISETTINGREL
----------------------------------------------------------------------------
CREATE TABLE TBLMANDROIDWIFISETTINGREL(
	WIFISETTINGID NUMBER (20,0),
	ANDROIDSETTINGID NUMBER (20,0),
	CONSTRAINT PK_MANDROIDWIFISETTINGREL PRIMARY KEY(WIFISETTINGID,ANDROIDSETTINGID),
	CONSTRAINT FK1_MANDROIDWIFISETTINGREL FOREIGN KEY (WIFISETTINGID) REFERENCES TBLMWIFISETTING (WIFISETTINGID),
	CONSTRAINT FK2_MANDROIDWIFISETTINGREL FOREIGN KEY (ANDROIDSETTINGID) REFERENCES TBLMANDROIDWIFISETTING (ANDROIDSETTINGID)
);


ALTER TABLE TBLMANDROIDWIFISETTING ADD (ISPREFERABLE VARCHAR(64));
ALTER TABLE TBLMANDROIDWIFISETTING ADD (DESCRIPTION VARCHAR(2048));

--================================20-04-2015=======================
ALTER TABLE TBLMANDROIDWIFISETTINGREL DROP CONSTRAINT FK1_MANDROIDWIFISETTINGREL;
ALTER TABLE TBLMANDROIDWIFISETTINGREL DROP CONSTRAINT FK2_MANDROIDWIFISETTINGREL;
ALTER TABLE TBLMANDROIDWIFISETTINGREL ADD CONSTRAINT FK1_MANDROIDWIFISETTINGREL FOREIGN KEY (WIFISETTINGID) REFERENCES TBLMWIFISETTING (WIFISETTINGID) ON DELETE CASCADE;
ALTER TABLE TBLMANDROIDWIFISETTINGREL ADD CONSTRAINT FK2_MANDROIDWIFISETTINGREL FOREIGN KEY (ANDROIDSETTINGID) REFERENCES TBLMANDROIDWIFISETTING (ANDROIDSETTINGID) ON DELETE CASCADE;

--================================22-04-2015=======================
INSERT INTO TBLMSYNCDATA VALUES(4,'WifiManagement',CURRENT_TIMESTAMP);

--========= ACL for Android wifi setting. =======

INSERT INTO TBLMMODEL (MODELID, NAME, ALIAS, PARENTID)VALUES ('MDL26000', 'ANDROID_WIFI_SETTING', 'Android Wi-Fi Setting', 'MDL20000');	
INSERT INTO TBLMMODELACTIONREL(MODELID, ACTIONNAME) VALUES ('MDL26000','CREATE');
INSERT INTO TBLMMODELACTIONREL(MODELID, ACTIONNAME)	VALUES ('MDL26000','UPDATE');	
INSERT INTO TBLMMODELACTIONREL(MODELID, ACTIONNAME)	VALUES ('MDL26000','DELETE');
		
INSERT INTO TBLMGROUPMODELACTIONREL (GROUPID, modelId, ACTIONNAME) values ('1','MDL26000','VIEW');
INSERT INTO TBLMGROUPMODELACTIONREL (GROUPID, modelId, ACTIONNAME) values ('1','MDL26000','SEARCH');
INSERT INTO TBLMGROUPMODELACTIONREL (GROUPID, modelId, ACTIONNAME) values ('1','MDL26000','CREATE');
INSERT INTO TBLMGROUPMODELACTIONREL (GROUPID, modelId, ACTIONNAME) values ('1','MDL26000','UPDATE');
INSERT INTO TBLMGROUPMODELACTIONREL (GROUPID, modelId, ACTIONNAME) values ('1','MDL26000','DELETE');
INSERT INTO TBLMGROUPMODELACTIONREL (GROUPID, modelId, ACTIONNAME) values ('2','MDL26000','VIEW');
INSERT INTO TBLMGROUPMODELACTIONREL (GROUPID, modelId, ACTIONNAME) values ('2','MDL26000','SEARCH');
INSERT INTO TBLMGROUPMODELACTIONREL (GROUPID, modelId, ACTIONNAME) values ('3','MDL26000','VIEW');
INSERT INTO TBLMGROUPMODELACTIONREL (GROUPID, modelId, ACTIONNAME) values ('3','MDL26000','SEARCH');
INSERT INTO TBLMGROUPMODELACTIONREL (GROUPID, modelId, ACTIONNAME) values ('3','MDL26000','CREATE');
INSERT INTO TBLMGROUPMODELACTIONREL (GROUPID, modelId, ACTIONNAME) values ('3','MDL26000','UPDATE');

--============================= 24-04-2015========================================

ALTER TABLE TBLMLOCATION MODIFY LATITUDE NULL;
ALTER TABLE TBLMLOCATION MODIFY LONGITUDE NULL;
ALTER TABLE TBLMLOCATION MODIFY RADIUS NULL;

ALTER TABLE TBLMGPSDETAILS MODIFY LATITUDE NULL;
ALTER TABLE TBLMGPSDETAILS MODIFY LONGITUDE NULL;

--============================= 01-05-2015========================================
ALTER TABLE TBLMDEAL DROP COLUMN DEALTYPE;

--============================= 27-04-2015========================================
ALTER TABLE TBLMVOUCHERCONFIG DROP CONSTRAINT FK1_MVOUCHERCONFIG;
ALTER TABLE TBLMVOUCHERCONFIG ADD CONSTRAINT FK1_MVOUCHERCONFIG  FOREIGN KEY (VOUCHERCONFIGID)  REFERENCES TBLMDEAL (DEALID) ON DELETE CASCADE;



--============================ Changes On 09-06-2015 =======================
ALTER TABLE TBLMSUBSCRIBERPROFILE MODIFY (IMEI VARCHAR2(128) NOT NULL);

--============================ Changes On 10-06-2015 =======================
create table TBLVOUCHERCDR(
imsi varchar(25),
imei varchar(25),
msisdn varchar (25),
createdate timestamp

)

--============================ Changes On 12-06-2015 =======================


CREATE TABLE TBLMCDRDRIVERINSTANCE(
	CDRDRIVERINSTANCEID		NUMERIC(20),
	NAME					VARCHAR(255)	NOT NULL,
	DESCRIPTION			VARCHAR(255),
   	CREATEDBYSTAFFID       	NUMERIC(20),
   	LASTMODIFIEDBYSTAFFID    NUMERIC(20),
  	LASTMODIFIEDDATE       	TIMESTAMP,
   	CREATEDATE             	TIMESTAMP,
	MVNO					NUMERIC(20)	DEFAULT 1,
	RULESET					VARCHAR(512),
	DRIVERINSTANCEID		NUMERIC(20),
	CONSTRAINT PK_MCDRDRIVERINSTANCE PRIMARY KEY (CDRDRIVERINSTANCEID),
	CONSTRAINT FK_MCDRDRIVERINSTANCE FOREIGN KEY(MVNO) REFERENCES TBLMGROUP(GROUPID)
);


CREATE SEQUENCE SEQ_MCDRDRIVERINSTANCE
      INCREMENT BY 1
      START WITH 101
      MAXVALUE 999999
      MINVALUE 1
      CACHE 20;

	  
CREATE TABLE TBLMDBCDRFIELDMAPPING(
  	FIELDMAPPINGID			NUMERIC(20),
  	LOGICALNAME			VARCHAR(50),
  	DBFIELD				VARCHAR(50),
  	DATATYPE				NUMERIC(8),
  	DEFAULTVALUE			VARCHAR(50),
  	CDRDRIVERINSTANCEID     	NUMERIC(20),
  	CONSTRAINT PK_MDBCDRFIELDMAPPING PRIMARY KEY (FIELDMAPPINGID),
	CONSTRAINT FK1_MDBCDRFIELDMAPPING FOREIGN KEY (CDRDRIVERINSTANCEID) REFERENCES TBLMCDRDRIVERINSTANCE (CDRDRIVERINSTANCEID)
);

CREATE SEQUENCE SEQ_MDBCDRFIELDMAPPING
      INCREMENT BY 1
      START WITH 101
      MAXVALUE 999999
      MINVALUE 1
      CACHE 20;      

	  
CREATE TABLE TBLMDBCDRDRIVER(
	DATABASEDS            	VARCHAR(50),
	ISBATCHUPDATE			VARCHAR(8),
	BATCHSIZE				NUMERIC(8),
	BATCHUPDATEINTERVAL		NUMERIC(16),
	BATCHQUERYTIMEOUT		NUMERIC(16),
	TABLENAME				VARCHAR(50),
	CREATEDATEFIELDNAME		VARCHAR(50),
	CDRDRIVERINSTANCEID		NUMERIC(20),
	CONSTRAINT FK1_MDBCDRDRIVER  FOREIGN KEY (CDRDRIVERINSTANCEID) REFERENCES TBLMCDRDRIVERINSTANCE (CDRDRIVERINSTANCEID)
);

CREATE SEQUENCE SEQ_MDBCDRDRIVER
      INCREMENT BY 1
      START WITH 101
      MAXVALUE 999999
      MINVALUE 1
      CACHE 20;

--======================================  By Sagar Vaghela End ==================================


--=====================================  By Brijesh Mistry =================================
--============================ Changes On 14-04-2015 =======================
ALTER TABLE TBLMDEAL ADD  (INTIALCOST NUMBER(20,0));
ALTER TABLE TBLMDEAL ADD  (MERCHANTCOSTMODEL VARCHAR(256));



--==========================================================================================

--=============================================By Siddharth Saraf===============================
--=============================================Changes on 01/05/2014============================
INSERT INTO TBLMMODEL (MODELID, NAME, ALIAS, PARENTID)
	VALUES ('MDL64000', 'REDEEM_VOUCHER', 'REDEEM_VOUCHER', 'MDL60000');
	
	INSERT INTO TBLMGROUPMODELACTIONREL (GROUPID, modelId, ACTIONNAME) values ('1','MDL64000','VIEW');
	UPDATE TBLMMODEL SET ALIAS = 'REDEEM VOUCHER' WHERE MODELID='MDL64000';
	
--=============================================Changes on 05/05/2014============================	
	ALTER TABLE TBLMVOUCHERCONFIG MODIFY (VOUCHERBATCHNAME VARCHAR2(255));
	ALTER TABLE TBLMDEAL ADD CURRENCY VARCHAR2(20);
	
	Insert into TBLMDEALTAG (TAGID,TAGNAME,IMGPATH,STATUS,DESCRIPTION,CREATEDATE,CREATEDBYSTAFFID,LASTMODIFIEDDATE,LASTMODIFIEDBYSTAFFID) 
values (1,'Featured','1430978439608.jpg','Y','Special Deal with high discount is treated as Featured deal',CURRENT_TIMESTAMP,1,CURRENT_TIMESTAMP,1);
	
--==============================================================================================
--=============================================Changes on 14/05/2014============================
INSERT INTO TBLMMODEL (MODELID, NAME, ALIAS, PARENTID) VALUES ('MDL81000', 'APP_MANAGEMENT', 'App Management', NULL);
INSERT INTO TBLMGROUPMODELACTIONREL (GROUPID, modelId, ACTIONNAME) values ('1','MDL81000','VIEW');

INSERT INTO TBLMMODEL (MODELID, NAME, ALIAS, PARENTID) VALUES ('MDL82000', 'VERSION', 'Version', 'MDL81000');
INSERT INTO TBLMGROUPMODELACTIONREL (GROUPID, modelId, ACTIONNAME) values ('1','MDL82000','VIEW');
INSERT INTO TBLMGROUPMODELACTIONREL (GROUPID, modelId, ACTIONNAME) values ('1','MDL82000','SEARCH');
INSERT INTO TBLMGROUPMODELACTIONREL (GROUPID, modelId, ACTIONNAME) values ('1','MDL82000','CREATE');
INSERT INTO TBLMGROUPMODELACTIONREL (GROUPID, modelId, ACTIONNAME) values ('1','MDL82000','UPDATE');
INSERT INTO TBLMGROUPMODELACTIONREL (GROUPID, modelId, ACTIONNAME) values ('1','MDL82000','DELETE');
--=============================================Changes on 25/05/2014============================
CREATE SEQUENCE  SEQ_MVERSION MINVALUE 1 MAXVALUE 999999999999999999999999999 INCREMENT BY 1 START WITH 20 CACHE 20 NOORDER  NOCYCLE ;
--==============================================================================================
--=============================================Changes on 26/05/2014============================
ALTER TABLE TBLMSERVERCONFIG ADD WIFICONNECTIONTIMEOUT NUMERIC(8) default 20;
ALTER TABLE TBLMSERVERCONFIG ADD WIFISETTING VARCHAR2(20);
--==============================================================================================
--=============================================Changes on 30/05/2014============================
ALTER TABLE TBLMSERVERCONFIG ADD WINDOWSPACKAGENAME VARCHAR2(56);
ALTER TABLE TBLMSERVERCONFIG ADD WINDOWSSHAREDSECRETKEY VARCHAR2(256);
UPDATE TBLMSERVERCONFIG SET WINDOWSPACKAGENAME= 'com.elitecore.eliteconnect' WHERE SERVERCONFIGID=1;
UPDATE TBLMSERVERCONFIG SET WINDOWSSHAREDSECRETKEY= 'dadomeoicdaodmd.oectlztiatt' WHERE SERVERCONFIGID=1;
ALTER TABLE TBLMSERVERCONFIG ADD WINDOWSCOMMUNICATIONMODE NUMERIC(1) default 1;
ALTER TABLE TBLMSERVERCONFIG MODIFY (ROLLINGTYPE VARCHAR2(10 BYTE));
ALTER TABLE TBLMSERVERCONFIG ADD (ROLLINGUNITTYPE VARCHAR2(50));
--==============================================================================================
--=============================================Changes on 11/06/2014============================
ALTER TABLE TBLMSERVERCONFIG ADD (WINCLIENTSECRET VARCHAR2(100));
ALTER TABLE TBLMSERVERCONFIG ADD (WINSID VARCHAR2(1000));
--=============================================By Siddharth Saraf End=================================================